"OTU","Clade","Kingdom","Phylum","Class","Order","Family","Genus","Species"
"OTU001","k__Bacteria","Bacteria",,,,,,
"OTU002","k__Archaea","Archaea",,,,,,
"OTU003","k__Archaea|p__Euryarchaeota","Archaea","Euryarchaeota",,,,,
"OTU004","k__Archaea|p__Euryarchaeota|c__Methanobacteria","Archaea","Euryarchaeota","Methanobacteria",,,,
"OTU005","k__Archaea|p__Euryarchaeota|c__Methanobacteria|o__Methanobacteriales","Archaea","Euryarchaeota","Methanobacteria","Methanobacteriales",,,
"OTU006","k__Archaea|p__Euryarchaeota|c__Methanobacteria|o__Methanobacteriales|f__Methanobacteriaceae","Archaea","Euryarchaeota","Methanobacteria","Methanobacteriales","Methanobacteriaceae",,
"OTU007","k__Archaea|p__Euryarchaeota|c__Methanobacteria|o__Methanobacteriales|f__Methanobacteriaceae|g__Methanobrevibacter","Archaea","Euryarchaeota","Methanobacteria","Methanobacteriales","Methanobacteriaceae","Methanobrevibacter",
"OTU008","k__Archaea|p__Euryarchaeota|c__Methanobacteria|o__Methanobacteriales|f__Methanobacteriaceae|g__Methanobrevibacter|s__Methanobrevibacter_oralis","Archaea","Euryarchaeota","Methanobacteria","Methanobacteriales","Methanobacteriaceae","Methanobrevibacter","oralis"
"OTU009","k__Bacteria|p__Firmicutes","Bacteria","Firmicutes",,,,,
"OTU010","k__Bacteria|p__Firmicutes|c__Clostridia","Bacteria","Firmicutes","Clostridia",,,,
"OTU011","k__Bacteria|p__Firmicutes|c__Clostridia|o__Clostridiales","Bacteria","Firmicutes","Clostridia","Clostridiales",,,
"OTU012","k__Bacteria|p__Chloroflexi","Bacteria","Chloroflexi",,,,,
"OTU013","k__Bacteria|p__Chloroflexi|c__Anaerolineae","Bacteria","Chloroflexi","Anaerolineae",,,,
"OTU014","k__Bacteria|p__Chloroflexi|c__Anaerolineae|o__Anaerolineales","Bacteria","Chloroflexi","Anaerolineae","Anaerolineales",,,
"OTU015","k__Bacteria|p__Chloroflexi|c__Anaerolineae|o__Anaerolineales|f__Anaerolineaceae","Bacteria","Chloroflexi","Anaerolineae","Anaerolineales","Anaerolineaceae",,
"OTU016","k__Bacteria|p__Chloroflexi|c__Anaerolineae|o__Anaerolineales|f__Anaerolineaceae|g__Anaerolineaceae_unclassified","Bacteria","Chloroflexi","Anaerolineae","Anaerolineales","Anaerolineaceae","Anaerolineaceae",
"OTU017","k__Bacteria|p__Chloroflexi|c__Anaerolineae|o__Anaerolineales|f__Anaerolineaceae|g__Anaerolineaceae_unclassified|s__Anaerolineaceae_bacterium_oral_taxon_439","Bacteria","Chloroflexi","Anaerolineae","Anaerolineales","Anaerolineaceae","Anaerolineaceae","bacterium_oral_taxon_439"
"OTU018","k__Bacteria|p__Actinobacteria","Bacteria","Actinobacteria",,,,,
"OTU019","k__Bacteria|p__Actinobacteria|c__Actinobacteria","Bacteria","Actinobacteria","Actinobacteria",,,,
"OTU020","k__Bacteria|p__Firmicutes|c__Clostridia|o__Clostridiales|f__Clostridiales_Family_XIII_Incertae_Sedis","Bacteria","Firmicutes","Clostridia","Clostridiales","Clostridiales_Family_XIII_Incertae_Sedis",,
"OTU021","k__Bacteria|p__Firmicutes|c__Clostridia|o__Clostridiales|f__Clostridiales_Family_XIII_Incertae_Sedis|g__Clostridiales_Family_XIII_Incertae_Sedis_unclassified","Bacteria","Firmicutes","Clostridia","Clostridiales","Clostridiales_Family_XIII_Incertae_Sedis","Clostridiales_Family_XIII_Incertae_Sedis",
"OTU022","k__Bacteria|p__Actinobacteria|c__Actinobacteria|o__Actinomycetales","Bacteria","Actinobacteria","Actinobacteria","Actinomycetales",,,
"OTU023","k__Bacteria|p__Actinobacteria|c__Actinobacteria|o__Actinomycetales|f__Actinomycetaceae","Bacteria","Actinobacteria","Actinobacteria","Actinomycetales","Actinomycetaceae",,
"OTU024","k__Bacteria|p__Actinobacteria|c__Actinobacteria|o__Actinomycetales|f__Actinomycetaceae|g__Actinomyces","Bacteria","Actinobacteria","Actinobacteria","Actinomycetales","Actinomycetaceae","Actinomyces",
"OTU025","k__Bacteria|p__Firmicutes|c__Clostridia|o__Clostridiales|f__Clostridiales_Family_XIII_Incertae_Sedis|g__Clostridiales_Family_XIII_Incertae_Sedis_unclassified|s__Eubacterium_minutum","Bacteria","Firmicutes","Clostridia","Clostridiales","Clostridiales_Family_XIII_Incertae_Sedis","Clostridiales_Family_XIII_Incertae_Sedis","minutum"
"OTU026","k__Bacteria|p__Actinobacteria|c__Actinobacteria|o__Actinomycetales|f__Actinomycetaceae|g__Actinomyces|s__Actinomyces_sp_oral_taxon_414","Bacteria","Actinobacteria","Actinobacteria","Actinomycetales","Actinomycetaceae","Actinomyces","sp_oral_taxon_414"
"OTU027","k__Bacteria|p__Actinobacteria|c__Actinobacteria|o__Actinomycetales|f__Actinomycetaceae|g__Actinomyces|s__Actinomyces_cardiffensis","Bacteria","Actinobacteria","Actinobacteria","Actinomycetales","Actinomycetaceae","Actinomyces","cardiffensis"
"OTU028","k__Bacteria|p__Proteobacteria","Bacteria","Proteobacteria",,,,,
"OTU029","k__Bacteria|p__Proteobacteria|c__Deltaproteobacteria","Bacteria","Proteobacteria","Deltaproteobacteria",,,,
"OTU030","k__Bacteria|p__Proteobacteria|c__Deltaproteobacteria|o__Desulfobacterales","Bacteria","Proteobacteria","Deltaproteobacteria","Desulfobacterales",,,
"OTU031","k__Bacteria|p__Proteobacteria|c__Deltaproteobacteria|o__Desulfobacterales|f__Desulfobulbaceae","Bacteria","Proteobacteria","Deltaproteobacteria","Desulfobacterales","Desulfobulbaceae",,
"OTU032","k__Bacteria|p__Proteobacteria|c__Deltaproteobacteria|o__Desulfobacterales|f__Desulfobulbaceae|g__Desulfobulbus","Bacteria","Proteobacteria","Deltaproteobacteria","Desulfobacterales","Desulfobulbaceae","Desulfobulbus",
"OTU033","k__Bacteria|p__Proteobacteria|c__Deltaproteobacteria|o__Desulfobacterales|f__Desulfobulbaceae|g__Desulfobulbus|s__Desulfobulbus_oralis","Bacteria","Proteobacteria","Deltaproteobacteria","Desulfobacterales","Desulfobulbaceae","Desulfobulbus","oralis"
"OTU034","k__Bacteria|p__Firmicutes|c__Clostridia|o__Clostridiales|f__Eubacteriaceae","Bacteria","Firmicutes","Clostridia","Clostridiales","Eubacteriaceae",,
"OTU035","k__Bacteria|p__Firmicutes|c__Clostridia|o__Clostridiales|f__Eubacteriaceae|g__Pseudoramibacter","Bacteria","Firmicutes","Clostridia","Clostridiales","Eubacteriaceae","Pseudoramibacter",
"OTU036","k__Bacteria|p__Firmicutes|c__Clostridia|o__Clostridiales|f__Eubacteriaceae|g__Pseudoramibacter|s__Pseudoramibacter_alactolyticus","Bacteria","Firmicutes","Clostridia","Clostridiales","Eubacteriaceae","Pseudoramibacter","alactolyticus"
"OTU037","k__Bacteria|p__Actinobacteria|c__Actinobacteria|o__Propionibacteriales","Bacteria","Actinobacteria","Actinobacteria","Propionibacteriales",,,
"OTU038","k__Bacteria|p__Actinobacteria|c__Actinobacteria|o__Propionibacteriales|f__Propionibacteriaceae","Bacteria","Actinobacteria","Actinobacteria","Propionibacteriales","Propionibacteriaceae",,
"OTU039","k__Bacteria|p__Firmicutes|c__Clostridia|o__Clostridiales|f__Clostridiales_Family_XIII_Incertae_Sedis|g__Clostridiales_Family_XIII_Incertae_Sedis_unclassified|s__Eubacterium_saphenum","Bacteria","Firmicutes","Clostridia","Clostridiales","Clostridiales_Family_XIII_Incertae_Sedis","Clostridiales_Family_XIII_Incertae_Sedis","saphenum"
"OTU040","k__Bacteria|p__Actinobacteria|c__Actinobacteria|o__Propionibacteriales|f__Propionibacteriaceae|g__Propionibacterium","Bacteria","Actinobacteria","Actinobacteria","Propionibacteriales","Propionibacteriaceae","Propionibacterium",
"OTU041","k__Bacteria|p__Actinobacteria|c__Actinobacteria|o__Propionibacteriales|f__Propionibacteriaceae|g__Propionibacterium|s__Propionibacterium_acidifaciens","Bacteria","Actinobacteria","Actinobacteria","Propionibacteriales","Propionibacteriaceae","Propionibacterium","acidifaciens"
"OTU042","k__Bacteria|p__Actinobacteria|c__Actinobacteria|o__Propionibacteriales|f__Propionibacteriaceae|g__Pseudopropionibacterium","Bacteria","Actinobacteria","Actinobacteria","Propionibacteriales","Propionibacteriaceae","Pseudopropionibacterium",
"OTU043","k__Bacteria|p__Actinobacteria|c__Actinobacteria|o__Propionibacteriales|f__Propionibacteriaceae|g__Pseudopropionibacterium|s__Pseudopropionibacterium_propionicum","Bacteria","Actinobacteria","Actinobacteria","Propionibacteriales","Propionibacteriaceae","Pseudopropionibacterium","propionicum"
"OTU044","k__Bacteria|p__Synergistetes","Bacteria","Synergistetes",,,,,
"OTU045","k__Bacteria|p__Synergistetes|c__Synergistia","Bacteria","Synergistetes","Synergistia",,,,
"OTU046","k__Bacteria|p__Synergistetes|c__Synergistia|o__Synergistales","Bacteria","Synergistetes","Synergistia","Synergistales",,,
"OTU047","k__Bacteria|p__Synergistetes|c__Synergistia|o__Synergistales|f__Synergistaceae","Bacteria","Synergistetes","Synergistia","Synergistales","Synergistaceae",,
"OTU048","k__Bacteria|p__Synergistetes|c__Synergistia|o__Synergistales|f__Synergistaceae|g__Fretibacterium","Bacteria","Synergistetes","Synergistia","Synergistales","Synergistaceae","Fretibacterium",
"OTU049","k__Bacteria|p__Synergistetes|c__Synergistia|o__Synergistales|f__Synergistaceae|g__Fretibacterium|s__Fretibacterium_fastidiosum","Bacteria","Synergistetes","Synergistia","Synergistales","Synergistaceae","Fretibacterium","fastidiosum"
"OTU050","k__Bacteria|p__Actinobacteria|c__Actinobacteria|o__Actinomycetales|f__Actinomycetaceae|g__Actinomyces|s__Actinomyces_oris","Bacteria","Actinobacteria","Actinobacteria","Actinomycetales","Actinomycetaceae","Actinomyces","oris"
"OTU051","k__Bacteria|p__Firmicutes|c__Bacilli","Bacteria","Firmicutes","Bacilli",,,,
"OTU052","k__Bacteria|p__Firmicutes|c__Bacilli|o__Bacillales","Bacteria","Firmicutes","Bacilli","Bacillales",,,
"OTU053","k__Bacteria|p__Firmicutes|c__Bacilli|o__Bacillales|f__Bacillales_unclassified","Bacteria","Firmicutes","Bacilli","Bacillales","Bacillales_unclassified",,
"OTU054","k__Bacteria|p__Firmicutes|c__Bacilli|o__Bacillales|f__Bacillales_unclassified|g__Gemella","Bacteria","Firmicutes","Bacilli","Bacillales","Bacillales_unclassified","Gemella",
"OTU055","k__Bacteria|p__Firmicutes|c__Bacilli|o__Bacillales|f__Bacillales_unclassified|g__Gemella|s__Gemella_bergeri","Bacteria","Firmicutes","Bacilli","Bacillales","Bacillales_unclassified","Gemella","bergeri"
"OTU056","k__Bacteria|p__Firmicutes|c__Erysipelotrichia","Bacteria","Firmicutes","Erysipelotrichia",,,,
"OTU057","k__Bacteria|p__Firmicutes|c__Erysipelotrichia|o__Erysipelotrichales","Bacteria","Firmicutes","Erysipelotrichia","Erysipelotrichales",,,
"OTU058","k__Bacteria|p__Firmicutes|c__Erysipelotrichia|o__Erysipelotrichales|f__Erysipelotrichaceae","Bacteria","Firmicutes","Erysipelotrichia","Erysipelotrichales","Erysipelotrichaceae",,
"OTU059","k__Bacteria|p__Firmicutes|c__Erysipelotrichia|o__Erysipelotrichales|f__Erysipelotrichaceae|g__Bulleidia","Bacteria","Firmicutes","Erysipelotrichia","Erysipelotrichales","Erysipelotrichaceae","Bulleidia",
"OTU060","k__Bacteria|p__Firmicutes|c__Erysipelotrichia|o__Erysipelotrichales|f__Erysipelotrichaceae|g__Bulleidia|s__Bulleidia_extructa","Bacteria","Firmicutes","Erysipelotrichia","Erysipelotrichales","Erysipelotrichaceae","Bulleidia","extructa"
"OTU061","k__Bacteria|p__Actinobacteria|c__Coriobacteriia","Bacteria","Actinobacteria","Coriobacteriia",,,,
"OTU062","k__Bacteria|p__Actinobacteria|c__Coriobacteriia|o__Coriobacteriales","Bacteria","Actinobacteria","Coriobacteriia","Coriobacteriales",,,
"OTU063","k__Bacteria|p__Actinobacteria|c__Coriobacteriia|o__Coriobacteriales|f__Atopobiaceae","Bacteria","Actinobacteria","Coriobacteriia","Coriobacteriales","Atopobiaceae",,
"OTU064","k__Bacteria|p__Actinobacteria|c__Coriobacteriia|o__Coriobacteriales|f__Atopobiaceae|g__Olsenella","Bacteria","Actinobacteria","Coriobacteriia","Coriobacteriales","Atopobiaceae","Olsenella",
"OTU065","k__Bacteria|p__Actinobacteria|c__Coriobacteriia|o__Coriobacteriales|f__Atopobiaceae|g__Olsenella|s__Olsenella_uli","Bacteria","Actinobacteria","Coriobacteriia","Coriobacteriales","Atopobiaceae","Olsenella","uli"
"OTU066","k__Archaea|p__Thaumarchaeota","Archaea","Thaumarchaeota",,,,,
"OTU067","k__Archaea|p__Thaumarchaeota|c__Thaumarchaeota_unclassified","Archaea","Thaumarchaeota","Thaumarchaeota_unclassified",,,,
"OTU068","k__Archaea|p__Thaumarchaeota|c__Thaumarchaeota_unclassified|o__Thaumarchaeota_unclassified","Archaea","Thaumarchaeota","Thaumarchaeota_unclassified","Thaumarchaeota_unclassified",,,
"OTU069","k__Archaea|p__Thaumarchaeota|c__Thaumarchaeota_unclassified|o__Thaumarchaeota_unclassified|f__Thaumarchaeota_unclassified","Archaea","Thaumarchaeota","Thaumarchaeota_unclassified","Thaumarchaeota_unclassified","Thaumarchaeota_unclassified",,
"OTU070","k__Archaea|p__Thaumarchaeota|c__Thaumarchaeota_unclassified|o__Thaumarchaeota_unclassified|f__Thaumarchaeota_unclassified|g__Thaumarchaeota_unclassified","Archaea","Thaumarchaeota","Thaumarchaeota_unclassified","Thaumarchaeota_unclassified","Thaumarchaeota_unclassified","Thaumarchaeota",
"OTU071","k__Archaea|p__Thaumarchaeota|c__Thaumarchaeota_unclassified|o__Thaumarchaeota_unclassified|f__Thaumarchaeota_unclassified|g__Thaumarchaeota_unclassified|s__Thaumarchaeota_archaeon_CSP1_1","Archaea","Thaumarchaeota","Thaumarchaeota_unclassified","Thaumarchaeota_unclassified","Thaumarchaeota_unclassified","Thaumarchaeota","archaeon_CSP1_1"
"OTU072","k__Bacteria|p__Proteobacteria|c__Gammaproteobacteria","Bacteria","Proteobacteria","Gammaproteobacteria",,,,
"OTU073","k__Bacteria|p__Proteobacteria|c__Gammaproteobacteria|o__Acidiferrobacterales","Bacteria","Proteobacteria","Gammaproteobacteria","Acidiferrobacterales",,,
"OTU074","k__Bacteria|p__Proteobacteria|c__Gammaproteobacteria|o__Acidiferrobacterales|f__Acidiferrobacteraceae","Bacteria","Proteobacteria","Gammaproteobacteria","Acidiferrobacterales","Acidiferrobacteraceae",,
"OTU075","k__Bacteria|p__Proteobacteria|c__Gammaproteobacteria|o__Acidiferrobacterales|f__Acidiferrobacteraceae|g__Sulfuricaulis","Bacteria","Proteobacteria","Gammaproteobacteria","Acidiferrobacterales","Acidiferrobacteraceae","Sulfuricaulis",
"OTU076","k__Bacteria|p__Proteobacteria|c__Gammaproteobacteria|o__Acidiferrobacterales|f__Acidiferrobacteraceae|g__Sulfuricaulis|s__Sulfuricaulis_limicola","Bacteria","Proteobacteria","Gammaproteobacteria","Acidiferrobacterales","Acidiferrobacteraceae","Sulfuricaulis","limicola"
"OTU077","k__Bacteria|p__Proteobacteria|c__Betaproteobacteria","Bacteria","Proteobacteria","Betaproteobacteria",,,,
"OTU078","k__Bacteria|p__Proteobacteria|c__Betaproteobacteria|o__Nitrosomonadales","Bacteria","Proteobacteria","Betaproteobacteria","Nitrosomonadales",,,
"OTU079","k__Bacteria|p__Proteobacteria|c__Betaproteobacteria|o__Nitrosomonadales|f__Thiobacillaceae","Bacteria","Proteobacteria","Betaproteobacteria","Nitrosomonadales","Thiobacillaceae",,
"OTU080","k__Bacteria|p__Proteobacteria|c__Betaproteobacteria|o__Nitrosomonadales|f__Thiobacillaceae|g__Thiobacillus","Bacteria","Proteobacteria","Betaproteobacteria","Nitrosomonadales","Thiobacillaceae","Thiobacillus",
"OTU081","k__Bacteria|p__Proteobacteria|c__Betaproteobacteria|o__Nitrosomonadales|f__Thiobacillaceae|g__Thiobacillus|s__Thiobacillus_denitrificans","Bacteria","Proteobacteria","Betaproteobacteria","Nitrosomonadales","Thiobacillaceae","Thiobacillus","denitrificans"
"OTU082","k__Bacteria|p__Firmicutes|c__Clostridia|o__Clostridiales|f__Clostridiaceae","Bacteria","Firmicutes","Clostridia","Clostridiales","Clostridiaceae",,
"OTU083","k__Bacteria|p__Firmicutes|c__Clostridia|o__Clostridiales|f__Clostridiaceae|g__Clostridium","Bacteria","Firmicutes","Clostridia","Clostridiales","Clostridiaceae","Clostridium",
"OTU084","k__Bacteria|p__Firmicutes|c__Clostridia|o__Clostridiales|f__Clostridiaceae|g__Clostridium|s__Clostridium_novyi","Bacteria","Firmicutes","Clostridia","Clostridiales","Clostridiaceae","Clostridium","novyi"
"OTU085","k__Bacteria|p__Actinobacteria|c__Actinobacteria|o__Micromonosporales","Bacteria","Actinobacteria","Actinobacteria","Micromonosporales",,,
"OTU086","k__Bacteria|p__Actinobacteria|c__Actinobacteria|o__Micromonosporales|f__Micromonosporaceae","Bacteria","Actinobacteria","Actinobacteria","Micromonosporales","Micromonosporaceae",,
"OTU087","k__Bacteria|p__Actinobacteria|c__Actinobacteria|o__Micromonosporales|f__Micromonosporaceae|g__Micromonospora","Bacteria","Actinobacteria","Actinobacteria","Micromonosporales","Micromonosporaceae","Micromonospora",
"OTU088","k__Bacteria|p__Actinobacteria|c__Actinobacteria|o__Micromonosporales|f__Micromonosporaceae|g__Micromonospora|s__Micromonospora_aurantiaca","Bacteria","Actinobacteria","Actinobacteria","Micromonosporales","Micromonosporaceae","Micromonospora","aurantiaca"
"OTU089","k__Bacteria|p__Nitrospirae","Bacteria","Nitrospirae",,,,,
"OTU090","k__Bacteria|p__Nitrospirae|c__Nitrospira","Bacteria","Nitrospirae","Nitrospira",,,,
"OTU091","k__Bacteria|p__Nitrospirae|c__Nitrospira|o__Nitrospirales","Bacteria","Nitrospirae","Nitrospira","Nitrospirales",,,
"OTU092","k__Bacteria|p__Nitrospirae|c__Nitrospira|o__Nitrospirales|f__Nitrospiraceae","Bacteria","Nitrospirae","Nitrospira","Nitrospirales","Nitrospiraceae",,
"OTU093","k__Bacteria|p__Nitrospirae|c__Nitrospira|o__Nitrospirales|f__Nitrospiraceae|g__Nitrospira","Bacteria","Nitrospirae","Nitrospira","Nitrospirales","Nitrospiraceae","Nitrospira",
"OTU094","k__Bacteria|p__Nitrospirae|c__Nitrospira|o__Nitrospirales|f__Nitrospiraceae|g__Nitrospira|s__Nitrospira_sp_CG24A","Bacteria","Nitrospirae","Nitrospira","Nitrospirales","Nitrospiraceae","Nitrospira","sp_CG24A"
"OTU102","k__Archaea|p__Thaumarchaeota|c__Nitrososphaeria","Archaea","Thaumarchaeota","Nitrososphaeria",,,,
"OTU103","k__Archaea|p__Thaumarchaeota|c__Nitrososphaeria|o__Nitrososphaerales","Archaea","Thaumarchaeota","Nitrososphaeria","Nitrososphaerales",,,
"OTU104","k__Archaea|p__Thaumarchaeota|c__Nitrososphaeria|o__Nitrososphaerales|f__Nitrososphaeraceae","Archaea","Thaumarchaeota","Nitrososphaeria","Nitrososphaerales","Nitrososphaeraceae",,
"OTU105","k__Archaea|p__Thaumarchaeota|c__Nitrososphaeria|o__Nitrososphaerales|f__Nitrososphaeraceae|g__Candidatus_Nitrosocosmicus","Archaea","Thaumarchaeota","Nitrososphaeria","Nitrososphaerales","Nitrososphaeraceae","Candidatus_Nitrosocosmicus",
"OTU106","k__Archaea|p__Thaumarchaeota|c__Nitrososphaeria|o__Nitrososphaerales|f__Nitrososphaeraceae|g__Candidatus_Nitrosocosmicus|s__Candidatus_Nitrosocosmicus_oleophilus","Archaea","Thaumarchaeota","Nitrososphaeria","Nitrososphaerales","Nitrososphaeraceae","Candidatus_Nitrosocosmicus","Nitrosocosmicus_oleophilus"
"OTU113","k__Bacteria|p__Actinobacteria|c__Actinobacteria|o__Actinomycetales|f__Actinomycetaceae|g__Actinobaculum","Bacteria","Actinobacteria","Actinobacteria","Actinomycetales","Actinomycetaceae","Actinobaculum",
"OTU114","k__Bacteria|p__Actinobacteria|c__Actinobacteria|o__Actinomycetales|f__Actinomycetaceae|g__Actinobaculum|s__Actinobaculum_sp_oral_taxon_183","Bacteria","Actinobacteria","Actinobacteria","Actinomycetales","Actinomycetaceae","Actinobaculum","sp_oral_taxon_183"
"OTU115","k__Bacteria|p__Actinobacteria|c__Actinobacteria|o__Actinomycetales|f__Actinomycetaceae|g__Actinomyces|s__Actinomyces_georgiae","Bacteria","Actinobacteria","Actinobacteria","Actinomycetales","Actinomycetaceae","Actinomyces","georgiae"
"OTU116","k__Bacteria|p__Actinobacteria|c__Actinobacteria|o__Actinomycetales|f__Actinomycetaceae|g__Actinomyces|s__Actinomyces_hongkongensis","Bacteria","Actinobacteria","Actinobacteria","Actinomycetales","Actinomycetaceae","Actinomyces","hongkongensis"
"OTU117","k__Bacteria|p__Actinobacteria|c__Actinobacteria|o__Actinomycetales|f__Actinomycetaceae|g__Actinomyces|s__Actinomyces_johnsonii","Bacteria","Actinobacteria","Actinobacteria","Actinomycetales","Actinomycetaceae","Actinomyces","johnsonii"
"OTU118","k__Bacteria|p__Actinobacteria|c__Actinobacteria|o__Actinomycetales|f__Actinomycetaceae|g__Actinomyces|s__Actinomyces_massiliensis","Bacteria","Actinobacteria","Actinobacteria","Actinomycetales","Actinomycetaceae","Actinomyces","massiliensis"
"OTU119","k__Bacteria|p__Actinobacteria|c__Actinobacteria|o__Actinomycetales|f__Actinomycetaceae|g__Actinomyces|s__Actinomyces_meyeri","Bacteria","Actinobacteria","Actinobacteria","Actinomycetales","Actinomycetaceae","Actinomyces","meyeri"
"OTU120","k__Bacteria|p__Actinobacteria|c__Actinobacteria|o__Actinomycetales|f__Actinomycetaceae|g__Actinomyces|s__Actinomyces_naeslundii","Bacteria","Actinobacteria","Actinobacteria","Actinomycetales","Actinomycetaceae","Actinomyces","naeslundii"
"OTU121","k__Bacteria|p__Actinobacteria|c__Actinobacteria|o__Actinomycetales|f__Actinomycetaceae|g__Actinomyces|s__Actinomyces_odontolyticus","Bacteria","Actinobacteria","Actinobacteria","Actinomycetales","Actinomycetaceae","Actinomyces","odontolyticus"
"OTU122","k__Bacteria|p__Actinobacteria|c__Actinobacteria|o__Actinomycetales|f__Actinomycetaceae|g__Actinomyces|s__Actinomyces_sp_oral_taxon_180","Bacteria","Actinobacteria","Actinobacteria","Actinomycetales","Actinomycetaceae","Actinomyces","sp_oral_taxon_180"
"OTU123","k__Bacteria|p__Actinobacteria|c__Actinobacteria|o__Actinomycetales|f__Actinomycetaceae|g__Actinomyces|s__Actinomyces_sp_oral_taxon_897","Bacteria","Actinobacteria","Actinobacteria","Actinomycetales","Actinomycetaceae","Actinomyces","sp_oral_taxon_897"
"OTU124","k__Bacteria|p__Actinobacteria|c__Actinobacteria|o__Bifidobacteriales","Bacteria","Actinobacteria","Actinobacteria","Bifidobacteriales",,,
"OTU125","k__Bacteria|p__Actinobacteria|c__Actinobacteria|o__Bifidobacteriales|f__Bifidobacteriaceae","Bacteria","Actinobacteria","Actinobacteria","Bifidobacteriales","Bifidobacteriaceae",,
"OTU126","k__Bacteria|p__Actinobacteria|c__Actinobacteria|o__Bifidobacteriales|f__Bifidobacteriaceae|g__Bifidobacterium","Bacteria","Actinobacteria","Actinobacteria","Bifidobacteriales","Bifidobacteriaceae","Bifidobacterium",
"OTU127","k__Bacteria|p__Actinobacteria|c__Actinobacteria|o__Bifidobacteriales|f__Bifidobacteriaceae|g__Bifidobacterium|s__Bifidobacterium_dentium","Bacteria","Actinobacteria","Actinobacteria","Bifidobacteriales","Bifidobacteriaceae","Bifidobacterium","dentium"
"OTU128","k__Bacteria|p__Actinobacteria|c__Actinobacteria|o__Corynebacteriales","Bacteria","Actinobacteria","Actinobacteria","Corynebacteriales",,,
"OTU129","k__Bacteria|p__Actinobacteria|c__Actinobacteria|o__Corynebacteriales|f__Corynebacteriaceae","Bacteria","Actinobacteria","Actinobacteria","Corynebacteriales","Corynebacteriaceae",,
"OTU130","k__Bacteria|p__Actinobacteria|c__Actinobacteria|o__Corynebacteriales|f__Corynebacteriaceae|g__Corynebacterium","Bacteria","Actinobacteria","Actinobacteria","Corynebacteriales","Corynebacteriaceae","Corynebacterium",
"OTU131","k__Bacteria|p__Actinobacteria|c__Actinobacteria|o__Corynebacteriales|f__Corynebacteriaceae|g__Corynebacterium|s__Corynebacterium_durum","Bacteria","Actinobacteria","Actinobacteria","Corynebacteriales","Corynebacteriaceae","Corynebacterium","durum"
"OTU132","k__Bacteria|p__Actinobacteria|c__Actinobacteria|o__Corynebacteriales|f__Corynebacteriaceae|g__Corynebacterium|s__Corynebacterium_matruchotii","Bacteria","Actinobacteria","Actinobacteria","Corynebacteriales","Corynebacteriaceae","Corynebacterium","matruchotii"
"OTU133","k__Bacteria|p__Actinobacteria|c__Actinobacteria|o__Micrococcales","Bacteria","Actinobacteria","Actinobacteria","Micrococcales",,,
"OTU134","k__Bacteria|p__Actinobacteria|c__Actinobacteria|o__Micrococcales|f__Micrococcaceae","Bacteria","Actinobacteria","Actinobacteria","Micrococcales","Micrococcaceae",,
"OTU135","k__Bacteria|p__Actinobacteria|c__Actinobacteria|o__Micrococcales|f__Micrococcaceae|g__Rothia","Bacteria","Actinobacteria","Actinobacteria","Micrococcales","Micrococcaceae","Rothia",
"OTU136","k__Bacteria|p__Actinobacteria|c__Actinobacteria|o__Micrococcales|f__Micrococcaceae|g__Rothia|s__Rothia_aeria","Bacteria","Actinobacteria","Actinobacteria","Micrococcales","Micrococcaceae","Rothia","aeria"
"OTU137","k__Bacteria|p__Actinobacteria|c__Actinobacteria|o__Micrococcales|f__Micrococcaceae|g__Rothia|s__Rothia_dentocariosa","Bacteria","Actinobacteria","Actinobacteria","Micrococcales","Micrococcaceae","Rothia","dentocariosa"
"OTU138","k__Bacteria|p__Actinobacteria|c__Actinobacteria|o__Propionibacteriales|f__Propionibacteriaceae|g__Cutibacterium","Bacteria","Actinobacteria","Actinobacteria","Propionibacteriales","Propionibacteriaceae","Cutibacterium",
"OTU139","k__Bacteria|p__Actinobacteria|c__Actinobacteria|o__Propionibacteriales|f__Propionibacteriaceae|g__Cutibacterium|s__Cutibacterium_acnes","Bacteria","Actinobacteria","Actinobacteria","Propionibacteriales","Propionibacteriaceae","Cutibacterium","acnes"
"OTU140","k__Bacteria|p__Actinobacteria|c__Coriobacteriia|o__Coriobacteriales|f__Atopobiaceae|g__Olsenella|s__Olsenella_profusa","Bacteria","Actinobacteria","Coriobacteriia","Coriobacteriales","Atopobiaceae","Olsenella","profusa"
"OTU141","k__Bacteria|p__Actinobacteria|c__Coriobacteriia|o__Eggerthellales","Bacteria","Actinobacteria","Coriobacteriia","Eggerthellales",,,
"OTU142","k__Bacteria|p__Actinobacteria|c__Coriobacteriia|o__Eggerthellales|f__Eggerthellaceae","Bacteria","Actinobacteria","Coriobacteriia","Eggerthellales","Eggerthellaceae",,
"OTU143","k__Bacteria|p__Actinobacteria|c__Coriobacteriia|o__Eggerthellales|f__Eggerthellaceae|g__Slackia","Bacteria","Actinobacteria","Coriobacteriia","Eggerthellales","Eggerthellaceae","Slackia",
"OTU144","k__Bacteria|p__Actinobacteria|c__Coriobacteriia|o__Eggerthellales|f__Eggerthellaceae|g__Slackia|s__Slackia_exigua","Bacteria","Actinobacteria","Coriobacteriia","Eggerthellales","Eggerthellaceae","Slackia","exigua"
"OTU150","k__Bacteria|p__Bacteroidetes","Bacteria","Bacteroidetes",,,,,
"OTU151","k__Bacteria|p__Bacteroidetes|c__Bacteroidetes_unclassified","Bacteria","Bacteroidetes","Bacteroidetes_unclassified",,,,
"OTU152","k__Bacteria|p__Bacteroidetes|c__Bacteroidetes_unclassified|o__Bacteroidetes_unclassified","Bacteria","Bacteroidetes","Bacteroidetes_unclassified","Bacteroidetes_unclassified",,,
"OTU153","k__Bacteria|p__Bacteroidetes|c__Bacteroidetes_unclassified|o__Bacteroidetes_unclassified|f__Bacteroidetes_unclassified","Bacteria","Bacteroidetes","Bacteroidetes_unclassified","Bacteroidetes_unclassified","Bacteroidetes_unclassified",,
"OTU154","k__Bacteria|p__Bacteroidetes|c__Bacteroidetes_unclassified|o__Bacteroidetes_unclassified|f__Bacteroidetes_unclassified|g__Bacteroidetes_unclassified","Bacteria","Bacteroidetes","Bacteroidetes_unclassified","Bacteroidetes_unclassified","Bacteroidetes_unclassified","Bacteroidetes",
"OTU155","k__Bacteria|p__Bacteroidetes|c__Bacteroidetes_unclassified|o__Bacteroidetes_unclassified|f__Bacteroidetes_unclassified|g__Bacteroidetes_unclassified|s__Bacteroidetes_bacterium_oral_taxon_272","Bacteria","Bacteroidetes","Bacteroidetes_unclassified","Bacteroidetes_unclassified","Bacteroidetes_unclassified","Bacteroidetes","bacterium_oral_taxon_272"
"OTU156","k__Bacteria|p__Bacteroidetes|c__Bacteroidetes_unclassified|o__Bacteroidetes_unclassified|f__Bacteroidetes_unclassified|g__Bacteroidetes_unclassified|s__Bacteroidetes_oral_taxon_274","Bacteria","Bacteroidetes","Bacteroidetes_unclassified","Bacteroidetes_unclassified","Bacteroidetes_unclassified","Bacteroidetes","oral_taxon_274"
"OTU157","k__Bacteria|p__Bacteroidetes|c__Bacteroidia","Bacteria","Bacteroidetes","Bacteroidia",,,,
"OTU158","k__Bacteria|p__Bacteroidetes|c__Bacteroidia|o__Bacteroidales","Bacteria","Bacteroidetes","Bacteroidia","Bacteroidales",,,
"OTU159","k__Bacteria|p__Bacteroidetes|c__Bacteroidia|o__Bacteroidales|f__Porphyromonadaceae","Bacteria","Bacteroidetes","Bacteroidia","Bacteroidales","Porphyromonadaceae",,
"OTU160","k__Bacteria|p__Bacteroidetes|c__Bacteroidia|o__Bacteroidales|f__Porphyromonadaceae|g__Porphyromonas","Bacteria","Bacteroidetes","Bacteroidia","Bacteroidales","Porphyromonadaceae","Porphyromonas",
"OTU161","k__Bacteria|p__Bacteroidetes|c__Bacteroidia|o__Bacteroidales|f__Porphyromonadaceae|g__Porphyromonas|s__Porphyromonas_catoniae","Bacteria","Bacteroidetes","Bacteroidia","Bacteroidales","Porphyromonadaceae","Porphyromonas","catoniae"
"OTU162","k__Bacteria|p__Bacteroidetes|c__Bacteroidia|o__Bacteroidales|f__Porphyromonadaceae|g__Porphyromonas|s__Porphyromonas_gingivalis","Bacteria","Bacteroidetes","Bacteroidia","Bacteroidales","Porphyromonadaceae","Porphyromonas","gingivalis"
"OTU163","k__Bacteria|p__Bacteroidetes|c__Bacteroidia|o__Bacteroidales|f__Prevotellaceae","Bacteria","Bacteroidetes","Bacteroidia","Bacteroidales","Prevotellaceae",,
"OTU164","k__Bacteria|p__Bacteroidetes|c__Bacteroidia|o__Bacteroidales|f__Prevotellaceae|g__Prevotella","Bacteria","Bacteroidetes","Bacteroidia","Bacteroidales","Prevotellaceae","Prevotella",
"OTU165","k__Bacteria|p__Bacteroidetes|c__Bacteroidia|o__Bacteroidales|f__Prevotellaceae|g__Prevotella|s__Prevotella_intermedia","Bacteria","Bacteroidetes","Bacteroidia","Bacteroidales","Prevotellaceae","Prevotella","intermedia"
"OTU166","k__Bacteria|p__Bacteroidetes|c__Bacteroidia|o__Bacteroidales|f__Prevotellaceae|g__Prevotella|s__Prevotella_loescheii","Bacteria","Bacteroidetes","Bacteroidia","Bacteroidales","Prevotellaceae","Prevotella","loescheii"
"OTU167","k__Bacteria|p__Bacteroidetes|c__Bacteroidia|o__Bacteroidales|f__Tannerellaceae","Bacteria","Bacteroidetes","Bacteroidia","Bacteroidales","Tannerellaceae",,
"OTU168","k__Bacteria|p__Bacteroidetes|c__Bacteroidia|o__Bacteroidales|f__Tannerellaceae|g__Tannerella","Bacteria","Bacteroidetes","Bacteroidia","Bacteroidales","Tannerellaceae","Tannerella",
"OTU169","k__Bacteria|p__Bacteroidetes|c__Bacteroidia|o__Bacteroidales|f__Tannerellaceae|g__Tannerella|s__Tannerella_forsythia","Bacteria","Bacteroidetes","Bacteroidia","Bacteroidales","Tannerellaceae","Tannerella","forsythia"
"OTU170","k__Bacteria|p__Bacteroidetes|c__Bacteroidia|o__Bacteroidales|f__Tannerellaceae|g__Tannerella|s__Tannerella_sp_oral_taxon_HOT_286","Bacteria","Bacteroidetes","Bacteroidia","Bacteroidales","Tannerellaceae","Tannerella","sp_oral_taxon_HOT_286"
"OTU171","k__Bacteria|p__Bacteroidetes|c__Flavobacteriia","Bacteria","Bacteroidetes","Flavobacteriia",,,,
"OTU172","k__Bacteria|p__Bacteroidetes|c__Flavobacteriia|o__Flavobacteriales","Bacteria","Bacteroidetes","Flavobacteriia","Flavobacteriales",,,
"OTU173","k__Bacteria|p__Bacteroidetes|c__Flavobacteriia|o__Flavobacteriales|f__Flavobacteriaceae","Bacteria","Bacteroidetes","Flavobacteriia","Flavobacteriales","Flavobacteriaceae",,
"OTU174","k__Bacteria|p__Bacteroidetes|c__Flavobacteriia|o__Flavobacteriales|f__Flavobacteriaceae|g__Capnocytophaga","Bacteria","Bacteroidetes","Flavobacteriia","Flavobacteriales","Flavobacteriaceae","Capnocytophaga",
"OTU175","k__Bacteria|p__Bacteroidetes|c__Flavobacteriia|o__Flavobacteriales|f__Flavobacteriaceae|g__Capnocytophaga|s__Capnocytophaga_gingivalis","Bacteria","Bacteroidetes","Flavobacteriia","Flavobacteriales","Flavobacteriaceae","Capnocytophaga","gingivalis"
"OTU176","k__Bacteria|p__Bacteroidetes|c__Flavobacteriia|o__Flavobacteriales|f__Flavobacteriaceae|g__Capnocytophaga|s__Capnocytophaga_granulosa","Bacteria","Bacteroidetes","Flavobacteriia","Flavobacteriales","Flavobacteriaceae","Capnocytophaga","granulosa"
"OTU177","k__Bacteria|p__Bacteroidetes|c__Flavobacteriia|o__Flavobacteriales|f__Flavobacteriaceae|g__Capnocytophaga|s__Capnocytophaga_leadbetteri","Bacteria","Bacteroidetes","Flavobacteriia","Flavobacteriales","Flavobacteriaceae","Capnocytophaga","leadbetteri"
"OTU178","k__Bacteria|p__Bacteroidetes|c__Flavobacteriia|o__Flavobacteriales|f__Flavobacteriaceae|g__Capnocytophaga|s__Capnocytophaga_sputigena","Bacteria","Bacteroidetes","Flavobacteriia","Flavobacteriales","Flavobacteriaceae","Capnocytophaga","sputigena"
"OTU188","k__Bacteria|p__Firmicutes|c__Bacilli|o__Bacillales|f__Bacillales_unclassified|g__Gemella|s__Gemella_morbillorum","Bacteria","Firmicutes","Bacilli","Bacillales","Bacillales_unclassified","Gemella","morbillorum"
"OTU192","k__Bacteria|p__Firmicutes|c__Bacilli|o__Lactobacillales","Bacteria","Firmicutes","Bacilli","Lactobacillales",,,
"OTU193","k__Bacteria|p__Firmicutes|c__Bacilli|o__Lactobacillales|f__Aerococcaceae","Bacteria","Firmicutes","Bacilli","Lactobacillales","Aerococcaceae",,
"OTU194","k__Bacteria|p__Firmicutes|c__Bacilli|o__Lactobacillales|f__Aerococcaceae|g__Abiotrophia","Bacteria","Firmicutes","Bacilli","Lactobacillales","Aerococcaceae","Abiotrophia",
"OTU195","k__Bacteria|p__Firmicutes|c__Bacilli|o__Lactobacillales|f__Aerococcaceae|g__Abiotrophia|s__Abiotrophia_defectiva","Bacteria","Firmicutes","Bacilli","Lactobacillales","Aerococcaceae","Abiotrophia","defectiva"
"OTU196","k__Bacteria|p__Firmicutes|c__Bacilli|o__Lactobacillales|f__Aerococcaceae|g__Abiotrophia|s__Abiotrophia_sp_HMSC24B09","Bacteria","Firmicutes","Bacilli","Lactobacillales","Aerococcaceae","Abiotrophia","sp_HMSC24B09"
"OTU197","k__Bacteria|p__Firmicutes|c__Bacilli|o__Lactobacillales|f__Streptococcaceae","Bacteria","Firmicutes","Bacilli","Lactobacillales","Streptococcaceae",,
"OTU198","k__Bacteria|p__Firmicutes|c__Bacilli|o__Lactobacillales|f__Streptococcaceae|g__Streptococcus","Bacteria","Firmicutes","Bacilli","Lactobacillales","Streptococcaceae","Streptococcus",
"OTU199","k__Bacteria|p__Firmicutes|c__Bacilli|o__Lactobacillales|f__Streptococcaceae|g__Streptococcus|s__Streptococcus_anginosus_group","Bacteria","Firmicutes","Bacilli","Lactobacillales","Streptococcaceae","Streptococcus","anginosus_group"
"OTU200","k__Bacteria|p__Firmicutes|c__Bacilli|o__Lactobacillales|f__Streptococcaceae|g__Streptococcus|s__Streptococcus_cristatus","Bacteria","Firmicutes","Bacilli","Lactobacillales","Streptococcaceae","Streptococcus","cristatus"
"OTU201","k__Bacteria|p__Firmicutes|c__Bacilli|o__Lactobacillales|f__Streptococcaceae|g__Streptococcus|s__Streptococcus_gordonii","Bacteria","Firmicutes","Bacilli","Lactobacillales","Streptococcaceae","Streptococcus","gordonii"
"OTU202","k__Bacteria|p__Firmicutes|c__Bacilli|o__Lactobacillales|f__Streptococcaceae|g__Streptococcus|s__Streptococcus_milleri","Bacteria","Firmicutes","Bacilli","Lactobacillales","Streptococcaceae","Streptococcus","milleri"
"OTU203","k__Bacteria|p__Firmicutes|c__Bacilli|o__Lactobacillales|f__Streptococcaceae|g__Streptococcus|s__Streptococcus_oralis","Bacteria","Firmicutes","Bacilli","Lactobacillales","Streptococcaceae","Streptococcus","oralis"
"OTU204","k__Bacteria|p__Firmicutes|c__Bacilli|o__Lactobacillales|f__Streptococcaceae|g__Streptococcus|s__Streptococcus_sanguinis","Bacteria","Firmicutes","Bacilli","Lactobacillales","Streptococcaceae","Streptococcus","sanguinis"
"OTU205","k__Bacteria|p__Firmicutes|c__Bacilli|o__Lactobacillales|f__Streptococcaceae|g__Streptococcus|s__Streptococcus_sinensis","Bacteria","Firmicutes","Bacilli","Lactobacillales","Streptococcaceae","Streptococcus","sinensis"
"OTU206","k__Bacteria|p__Firmicutes|c__Clostridia|o__Clostridiales|f__Clostridiaceae|g__Clostridium|s__Clostridium_botulinum","Bacteria","Firmicutes","Clostridia","Clostridiales","Clostridiaceae","Clostridium","botulinum"
"OTU207","k__Bacteria|p__Firmicutes|c__Clostridia|o__Clostridiales|f__Clostridiales_Family_XIII_Incertae_Sedis|g__Clostridiales_Family_XIII_Incertae_Sedis_unclassified|s__Eubacterium_brachy","Bacteria","Firmicutes","Clostridia","Clostridiales","Clostridiales_Family_XIII_Incertae_Sedis","Clostridiales_Family_XIII_Incertae_Sedis","brachy"
"OTU208","k__Bacteria|p__Firmicutes|c__Clostridia|o__Clostridiales|f__Clostridiales_Family_XIII_Incertae_Sedis|g__Clostridiales_Family_XIII_Incertae_Sedis_unclassified|s__Eubacterium_nodatum","Bacteria","Firmicutes","Clostridia","Clostridiales","Clostridiales_Family_XIII_Incertae_Sedis","Clostridiales_Family_XIII_Incertae_Sedis","nodatum"
"OTU209","k__Bacteria|p__Firmicutes|c__Clostridia|o__Clostridiales|f__Clostridiales_Family_XIII_Incertae_Sedis|g__Mogibacterium","Bacteria","Firmicutes","Clostridia","Clostridiales","Clostridiales_Family_XIII_Incertae_Sedis","Mogibacterium",
"OTU210","k__Bacteria|p__Firmicutes|c__Clostridia|o__Clostridiales|f__Clostridiales_Family_XIII_Incertae_Sedis|g__Mogibacterium|s__Mogibacterium_timidum","Bacteria","Firmicutes","Clostridia","Clostridiales","Clostridiales_Family_XIII_Incertae_Sedis","Mogibacterium","timidum"
"OTU211","k__Bacteria|p__Firmicutes|c__Clostridia|o__Clostridiales|f__Lachnospiraceae","Bacteria","Firmicutes","Clostridia","Clostridiales","Lachnospiraceae",,
"OTU212","k__Bacteria|p__Firmicutes|c__Clostridia|o__Clostridiales|f__Lachnospiraceae|g__Johnsonella","Bacteria","Firmicutes","Clostridia","Clostridiales","Lachnospiraceae","Johnsonella",
"OTU213","k__Bacteria|p__Firmicutes|c__Clostridia|o__Clostridiales|f__Lachnospiraceae|g__Johnsonella|s__Johnsonella_ignava","Bacteria","Firmicutes","Clostridia","Clostridiales","Lachnospiraceae","Johnsonella","ignava"
"OTU214","k__Bacteria|p__Firmicutes|c__Clostridia|o__Clostridiales|f__Peptostreptococcaceae","Bacteria","Firmicutes","Clostridia","Clostridiales","Peptostreptococcaceae",,
"OTU215","k__Bacteria|p__Firmicutes|c__Clostridia|o__Clostridiales|f__Peptostreptococcaceae|g__Filifactor","Bacteria","Firmicutes","Clostridia","Clostridiales","Peptostreptococcaceae","Filifactor",
"OTU216","k__Bacteria|p__Firmicutes|c__Clostridia|o__Clostridiales|f__Peptostreptococcaceae|g__Filifactor|s__Filifactor_alocis","Bacteria","Firmicutes","Clostridia","Clostridiales","Peptostreptococcaceae","Filifactor","alocis"
"OTU217","k__Bacteria|p__Firmicutes|c__Clostridia|o__Clostridiales|f__Peptostreptococcaceae|g__Peptoanaerobacter","Bacteria","Firmicutes","Clostridia","Clostridiales","Peptostreptococcaceae","Peptoanaerobacter",
"OTU218","k__Bacteria|p__Firmicutes|c__Clostridia|o__Clostridiales|f__Peptostreptococcaceae|g__Peptoanaerobacter|s__Eubacterium_yurii","Bacteria","Firmicutes","Clostridia","Clostridiales","Peptostreptococcaceae","Peptoanaerobacter","yurii"
"OTU219","k__Bacteria|p__Firmicutes|c__Clostridia|o__Clostridiales|f__Peptostreptococcaceae|g__Peptostreptococcaceae_unclassified","Bacteria","Firmicutes","Clostridia","Clostridiales","Peptostreptococcaceae","Peptostreptococcaceae",
"OTU220","k__Bacteria|p__Firmicutes|c__Clostridia|o__Clostridiales|f__Peptostreptococcaceae|g__Peptostreptococcaceae_unclassified|s__Peptostreptococcaceae_bacterium_oral_taxon_113","Bacteria","Firmicutes","Clostridia","Clostridiales","Peptostreptococcaceae","Peptostreptococcaceae","bacterium_oral_taxon_113"
"OTU221","k__Bacteria|p__Firmicutes|c__Clostridia|o__Clostridiales|f__Peptostreptococcaceae|g__Peptostreptococcus","Bacteria","Firmicutes","Clostridia","Clostridiales","Peptostreptococcaceae","Peptostreptococcus",
"OTU222","k__Bacteria|p__Firmicutes|c__Clostridia|o__Clostridiales|f__Peptostreptococcaceae|g__Peptostreptococcus|s__Peptostreptococcus_stomatis","Bacteria","Firmicutes","Clostridia","Clostridiales","Peptostreptococcaceae","Peptostreptococcus","stomatis"
"OTU223","k__Bacteria|p__Firmicutes|c__Negativicutes","Bacteria","Firmicutes","Negativicutes",,,,
"OTU224","k__Bacteria|p__Firmicutes|c__Negativicutes|o__Selenomonadales","Bacteria","Firmicutes","Negativicutes","Selenomonadales",,,
"OTU225","k__Bacteria|p__Firmicutes|c__Negativicutes|o__Selenomonadales|f__Selenomonadaceae","Bacteria","Firmicutes","Negativicutes","Selenomonadales","Selenomonadaceae",,
"OTU226","k__Bacteria|p__Firmicutes|c__Negativicutes|o__Selenomonadales|f__Selenomonadaceae|g__Selenomonas","Bacteria","Firmicutes","Negativicutes","Selenomonadales","Selenomonadaceae","Selenomonas",
"OTU227","k__Bacteria|p__Firmicutes|c__Negativicutes|o__Selenomonadales|f__Selenomonadaceae|g__Selenomonas|s__Selenomonas_sp_oral_taxon_892","Bacteria","Firmicutes","Negativicutes","Selenomonadales","Selenomonadaceae","Selenomonas","sp_oral_taxon_892"
"OTU228","k__Bacteria|p__Firmicutes|c__Tissierellia","Bacteria","Firmicutes","Tissierellia",,,,
"OTU229","k__Bacteria|p__Firmicutes|c__Tissierellia|o__Tissierellales","Bacteria","Firmicutes","Tissierellia","Tissierellales",,,
"OTU230","k__Bacteria|p__Firmicutes|c__Tissierellia|o__Tissierellales|f__Peptoniphilaceae","Bacteria","Firmicutes","Tissierellia","Tissierellales","Peptoniphilaceae",,
"OTU231","k__Bacteria|p__Firmicutes|c__Tissierellia|o__Tissierellales|f__Peptoniphilaceae|g__Parvimonas","Bacteria","Firmicutes","Tissierellia","Tissierellales","Peptoniphilaceae","Parvimonas",
"OTU232","k__Bacteria|p__Firmicutes|c__Tissierellia|o__Tissierellales|f__Peptoniphilaceae|g__Parvimonas|s__Parvimonas_micra","Bacteria","Firmicutes","Tissierellia","Tissierellales","Peptoniphilaceae","Parvimonas","micra"
"OTU233","k__Bacteria|p__Fusobacteria","Bacteria","Fusobacteria",,,,,
"OTU234","k__Bacteria|p__Fusobacteria|c__Fusobacteriia","Bacteria","Fusobacteria","Fusobacteriia",,,,
"OTU235","k__Bacteria|p__Fusobacteria|c__Fusobacteriia|o__Fusobacteriales","Bacteria","Fusobacteria","Fusobacteriia","Fusobacteriales",,,
"OTU236","k__Bacteria|p__Fusobacteria|c__Fusobacteriia|o__Fusobacteriales|f__Fusobacteriaceae","Bacteria","Fusobacteria","Fusobacteriia","Fusobacteriales","Fusobacteriaceae",,
"OTU237","k__Bacteria|p__Fusobacteria|c__Fusobacteriia|o__Fusobacteriales|f__Fusobacteriaceae|g__Fusobacterium","Bacteria","Fusobacteria","Fusobacteriia","Fusobacteriales","Fusobacteriaceae","Fusobacterium",
"OTU238","k__Bacteria|p__Fusobacteria|c__Fusobacteriia|o__Fusobacteriales|f__Fusobacteriaceae|g__Fusobacterium|s__Fusobacterium_hwasookii","Bacteria","Fusobacteria","Fusobacteriia","Fusobacteriales","Fusobacteriaceae","Fusobacterium","hwasookii"
"OTU239","k__Bacteria|p__Fusobacteria|c__Fusobacteriia|o__Fusobacteriales|f__Fusobacteriaceae|g__Fusobacterium|s__Fusobacterium_nucleatum","Bacteria","Fusobacteria","Fusobacteriia","Fusobacteriales","Fusobacteriaceae","Fusobacterium","nucleatum"
"OTU240","k__Bacteria|p__Fusobacteria|c__Fusobacteriia|o__Fusobacteriales|f__Leptotrichiaceae","Bacteria","Fusobacteria","Fusobacteriia","Fusobacteriales","Leptotrichiaceae",,
"OTU241","k__Bacteria|p__Fusobacteria|c__Fusobacteriia|o__Fusobacteriales|f__Leptotrichiaceae|g__Leptotrichia","Bacteria","Fusobacteria","Fusobacteriia","Fusobacteriales","Leptotrichiaceae","Leptotrichia",
"OTU242","k__Bacteria|p__Fusobacteria|c__Fusobacteriia|o__Fusobacteriales|f__Leptotrichiaceae|g__Leptotrichia|s__Leptotrichia_sp_oral_taxon_212","Bacteria","Fusobacteria","Fusobacteriia","Fusobacteriales","Leptotrichiaceae","Leptotrichia","sp_oral_taxon_212"
"OTU248","k__Bacteria|p__Proteobacteria|c__Betaproteobacteria|o__Burkholderiales","Bacteria","Proteobacteria","Betaproteobacteria","Burkholderiales",,,
"OTU249","k__Bacteria|p__Proteobacteria|c__Betaproteobacteria|o__Burkholderiales|f__Burkholderiaceae","Bacteria","Proteobacteria","Betaproteobacteria","Burkholderiales","Burkholderiaceae",,
"OTU250","k__Bacteria|p__Proteobacteria|c__Betaproteobacteria|o__Burkholderiales|f__Burkholderiaceae|g__Lautropia","Bacteria","Proteobacteria","Betaproteobacteria","Burkholderiales","Burkholderiaceae","Lautropia",
"OTU251","k__Bacteria|p__Proteobacteria|c__Betaproteobacteria|o__Burkholderiales|f__Burkholderiaceae|g__Lautropia|s__Lautropia_mirabilis","Bacteria","Proteobacteria","Betaproteobacteria","Burkholderiales","Burkholderiaceae","Lautropia","mirabilis"
"OTU252","k__Bacteria|p__Proteobacteria|c__Betaproteobacteria|o__Burkholderiales|f__Comamonadaceae","Bacteria","Proteobacteria","Betaproteobacteria","Burkholderiales","Comamonadaceae",,
"OTU253","k__Bacteria|p__Proteobacteria|c__Betaproteobacteria|o__Burkholderiales|f__Comamonadaceae|g__Ottowia","Bacteria","Proteobacteria","Betaproteobacteria","Burkholderiales","Comamonadaceae","Ottowia",
"OTU254","k__Bacteria|p__Proteobacteria|c__Betaproteobacteria|o__Burkholderiales|f__Comamonadaceae|g__Ottowia|s__Ottowia_sp_oral_taxon_894","Bacteria","Proteobacteria","Betaproteobacteria","Burkholderiales","Comamonadaceae","Ottowia","sp_oral_taxon_894"
"OTU255","k__Bacteria|p__Proteobacteria|c__Betaproteobacteria|o__Neisseriales","Bacteria","Proteobacteria","Betaproteobacteria","Neisseriales",,,
"OTU256","k__Bacteria|p__Proteobacteria|c__Betaproteobacteria|o__Neisseriales|f__Neisseriaceae","Bacteria","Proteobacteria","Betaproteobacteria","Neisseriales","Neisseriaceae",,
"OTU257","k__Bacteria|p__Proteobacteria|c__Betaproteobacteria|o__Neisseriales|f__Neisseriaceae|g__Eikenella","Bacteria","Proteobacteria","Betaproteobacteria","Neisseriales","Neisseriaceae","Eikenella",
"OTU258","k__Bacteria|p__Proteobacteria|c__Betaproteobacteria|o__Neisseriales|f__Neisseriaceae|g__Eikenella|s__Eikenella_corrodens","Bacteria","Proteobacteria","Betaproteobacteria","Neisseriales","Neisseriaceae","Eikenella","corrodens"
"OTU259","k__Bacteria|p__Proteobacteria|c__Betaproteobacteria|o__Neisseriales|f__Neisseriaceae|g__Kingella","Bacteria","Proteobacteria","Betaproteobacteria","Neisseriales","Neisseriaceae","Kingella",
"OTU260","k__Bacteria|p__Proteobacteria|c__Betaproteobacteria|o__Neisseriales|f__Neisseriaceae|g__Kingella|s__Kingella_denitrificans","Bacteria","Proteobacteria","Betaproteobacteria","Neisseriales","Neisseriaceae","Kingella","denitrificans"
"OTU261","k__Bacteria|p__Proteobacteria|c__Betaproteobacteria|o__Neisseriales|f__Neisseriaceae|g__Morococcus","Bacteria","Proteobacteria","Betaproteobacteria","Neisseriales","Neisseriaceae","Morococcus",
"OTU262","k__Bacteria|p__Proteobacteria|c__Betaproteobacteria|o__Neisseriales|f__Neisseriaceae|g__Morococcus|s__Morococcus_cerebrosus","Bacteria","Proteobacteria","Betaproteobacteria","Neisseriales","Neisseriaceae","Morococcus","cerebrosus"
"OTU263","k__Bacteria|p__Proteobacteria|c__Betaproteobacteria|o__Neisseriales|f__Neisseriaceae|g__Neisseria","Bacteria","Proteobacteria","Betaproteobacteria","Neisseriales","Neisseriaceae","Neisseria",
"OTU264","k__Bacteria|p__Proteobacteria|c__Betaproteobacteria|o__Neisseriales|f__Neisseriaceae|g__Neisseria|s__Neisseria_elongata","Bacteria","Proteobacteria","Betaproteobacteria","Neisseriales","Neisseriaceae","Neisseria","elongata"
"OTU265","k__Bacteria|p__Proteobacteria|c__Betaproteobacteria|o__Neisseriales|f__Neisseriaceae|g__Neisseria|s__Neisseria_flavescens","Bacteria","Proteobacteria","Betaproteobacteria","Neisseriales","Neisseriaceae","Neisseria","flavescens"
"OTU266","k__Bacteria|p__Proteobacteria|c__Betaproteobacteria|o__Neisseriales|f__Neisseriaceae|g__Neisseria|s__Neisseria_macacae","Bacteria","Proteobacteria","Betaproteobacteria","Neisseriales","Neisseriaceae","Neisseria","macacae"
"OTU267","k__Bacteria|p__Proteobacteria|c__Betaproteobacteria|o__Neisseriales|f__Neisseriaceae|g__Neisseria|s__Neisseria_mucosa","Bacteria","Proteobacteria","Betaproteobacteria","Neisseriales","Neisseriaceae","Neisseria","mucosa"
"OTU268","k__Bacteria|p__Proteobacteria|c__Betaproteobacteria|o__Neisseriales|f__Neisseriaceae|g__Neisseria|s__Neisseria_sicca","Bacteria","Proteobacteria","Betaproteobacteria","Neisseriales","Neisseriaceae","Neisseria","sicca"
"OTU269","k__Bacteria|p__Proteobacteria|c__Betaproteobacteria|o__Neisseriales|f__Neisseriaceae|g__Neisseria|s__Neisseria_sp_oral_taxon_014","Bacteria","Proteobacteria","Betaproteobacteria","Neisseriales","Neisseriaceae","Neisseria","sp_oral_taxon_014"
"OTU279","k__Bacteria|p__Proteobacteria|c__Epsilonproteobacteria","Bacteria","Proteobacteria","Epsilonproteobacteria",,,,
"OTU280","k__Bacteria|p__Proteobacteria|c__Epsilonproteobacteria|o__Campylobacterales","Bacteria","Proteobacteria","Epsilonproteobacteria","Campylobacterales",,,
"OTU281","k__Bacteria|p__Proteobacteria|c__Epsilonproteobacteria|o__Campylobacterales|f__Campylobacteraceae","Bacteria","Proteobacteria","Epsilonproteobacteria","Campylobacterales","Campylobacteraceae",,
"OTU282","k__Bacteria|p__Proteobacteria|c__Epsilonproteobacteria|o__Campylobacterales|f__Campylobacteraceae|g__Campylobacter","Bacteria","Proteobacteria","Epsilonproteobacteria","Campylobacterales","Campylobacteraceae","Campylobacter",
"OTU283","k__Bacteria|p__Proteobacteria|c__Epsilonproteobacteria|o__Campylobacterales|f__Campylobacteraceae|g__Campylobacter|s__Campylobacter_rectus","Bacteria","Proteobacteria","Epsilonproteobacteria","Campylobacterales","Campylobacteraceae","Campylobacter","rectus"
"OTU284","k__Bacteria|p__Proteobacteria|c__Epsilonproteobacteria|o__Campylobacterales|f__Campylobacteraceae|g__Campylobacter|s__Campylobacter_showae","Bacteria","Proteobacteria","Epsilonproteobacteria","Campylobacterales","Campylobacteraceae","Campylobacter","showae"
"OTU285","k__Bacteria|p__Proteobacteria|c__Gammaproteobacteria|o__Cardiobacteriales","Bacteria","Proteobacteria","Gammaproteobacteria","Cardiobacteriales",,,
"OTU286","k__Bacteria|p__Proteobacteria|c__Gammaproteobacteria|o__Cardiobacteriales|f__Cardiobacteriaceae","Bacteria","Proteobacteria","Gammaproteobacteria","Cardiobacteriales","Cardiobacteriaceae",,
"OTU287","k__Bacteria|p__Proteobacteria|c__Gammaproteobacteria|o__Cardiobacteriales|f__Cardiobacteriaceae|g__Cardiobacterium","Bacteria","Proteobacteria","Gammaproteobacteria","Cardiobacteriales","Cardiobacteriaceae","Cardiobacterium",
"OTU288","k__Bacteria|p__Proteobacteria|c__Gammaproteobacteria|o__Cardiobacteriales|f__Cardiobacteriaceae|g__Cardiobacterium|s__Cardiobacterium_hominis","Bacteria","Proteobacteria","Gammaproteobacteria","Cardiobacteriales","Cardiobacteriaceae","Cardiobacterium","hominis"
"OTU289","k__Bacteria|p__Proteobacteria|c__Gammaproteobacteria|o__Cardiobacteriales|f__Cardiobacteriaceae|g__Cardiobacterium|s__Cardiobacterium_valvarum","Bacteria","Proteobacteria","Gammaproteobacteria","Cardiobacteriales","Cardiobacteriaceae","Cardiobacterium","valvarum"
"OTU290","k__Bacteria|p__Proteobacteria|c__Gammaproteobacteria|o__Pasteurellales","Bacteria","Proteobacteria","Gammaproteobacteria","Pasteurellales",,,
"OTU291","k__Bacteria|p__Proteobacteria|c__Gammaproteobacteria|o__Pasteurellales|f__Pasteurellaceae","Bacteria","Proteobacteria","Gammaproteobacteria","Pasteurellales","Pasteurellaceae",,
"OTU292","k__Bacteria|p__Proteobacteria|c__Gammaproteobacteria|o__Pasteurellales|f__Pasteurellaceae|g__Aggregatibacter","Bacteria","Proteobacteria","Gammaproteobacteria","Pasteurellales","Pasteurellaceae","Aggregatibacter",
"OTU293","k__Bacteria|p__Proteobacteria|c__Gammaproteobacteria|o__Pasteurellales|f__Pasteurellaceae|g__Aggregatibacter|s__Aggregatibacter_aphrophilus","Bacteria","Proteobacteria","Gammaproteobacteria","Pasteurellales","Pasteurellaceae","Aggregatibacter","aphrophilus"
"OTU294","k__Bacteria|p__Proteobacteria|c__Gammaproteobacteria|o__Pasteurellales|f__Pasteurellaceae|g__Aggregatibacter|s__Aggregatibacter_segnis","Bacteria","Proteobacteria","Gammaproteobacteria","Pasteurellales","Pasteurellaceae","Aggregatibacter","segnis"
"OTU299","k__Bacteria|p__Spirochaetes","Bacteria","Spirochaetes",,,,,
"OTU300","k__Bacteria|p__Spirochaetes|c__Spirochaetia","Bacteria","Spirochaetes","Spirochaetia",,,,
"OTU301","k__Bacteria|p__Spirochaetes|c__Spirochaetia|o__Spirochaetales","Bacteria","Spirochaetes","Spirochaetia","Spirochaetales",,,
"OTU302","k__Bacteria|p__Spirochaetes|c__Spirochaetia|o__Spirochaetales|f__Spirochaetaceae","Bacteria","Spirochaetes","Spirochaetia","Spirochaetales","Spirochaetaceae",,
"OTU303","k__Bacteria|p__Spirochaetes|c__Spirochaetia|o__Spirochaetales|f__Spirochaetaceae|g__Treponema","Bacteria","Spirochaetes","Spirochaetia","Spirochaetales","Spirochaetaceae","Treponema",
"OTU304","k__Bacteria|p__Spirochaetes|c__Spirochaetia|o__Spirochaetales|f__Spirochaetaceae|g__Treponema|s__Treponema_denticola","Bacteria","Spirochaetes","Spirochaetia","Spirochaetales","Spirochaetaceae","Treponema","denticola"
"OTU305","k__Bacteria|p__Spirochaetes|c__Spirochaetia|o__Spirochaetales|f__Spirochaetaceae|g__Treponema|s__Treponema_lecithinolyticum","Bacteria","Spirochaetes","Spirochaetia","Spirochaetales","Spirochaetaceae","Treponema","lecithinolyticum"
"OTU306","k__Bacteria|p__Spirochaetes|c__Spirochaetia|o__Spirochaetales|f__Spirochaetaceae|g__Treponema|s__Treponema_maltophilum","Bacteria","Spirochaetes","Spirochaetia","Spirochaetales","Spirochaetaceae","Treponema","maltophilum"
"OTU307","k__Bacteria|p__Spirochaetes|c__Spirochaetia|o__Spirochaetales|f__Spirochaetaceae|g__Treponema|s__Treponema_socranskii","Bacteria","Spirochaetes","Spirochaetia","Spirochaetales","Spirochaetaceae","Treponema","socranskii"
"OTU308","k__Bacteria|p__Synergistetes|c__Synergistia|o__Synergistales|f__Synergistaceae|g__Pyramidobacter","Bacteria","Synergistetes","Synergistia","Synergistales","Synergistaceae","Pyramidobacter",
"OTU309","k__Bacteria|p__Synergistetes|c__Synergistia|o__Synergistales|f__Synergistaceae|g__Pyramidobacter|s__Pyramidobacter_piscolens","Bacteria","Synergistetes","Synergistia","Synergistales","Synergistaceae","Pyramidobacter","piscolens"
