clade_name,NCBI_tax_id,Soil_2_S57_trimmed_merged_profile,Soil_1_S56_trimmed_merged_profile,Sample_75_S163_trimmed_merged_profile,Sample_72_S162_trimmed_merged_profile,Sample_68_S161_trimmed_merged_profile,Sample_63_S160_trimmed_merged_profile,Sample_62_S159_trimmed_merged_profile,Sample_56_S158_trimmed_merged_profile,Sample_55_S157_trimmed_merged_profile,Sample_48_S156_trimmed_merged_profile,Sample_46_S155_trimmed_merged_profile,Sample_45_S154_trimmed_merged_profile,Sample_37_S152_trimmed_merged_profile,Sample_29_S151_trimmed_merged_profile,Sample_15_S150_trimmed_merged_profile,Sample_11_S149_trimmed_merged_profile
k__Bacteria,2,63.34998,100,24.38518,95.44637,100,70.61443,82.31928,77.52381,83.35184,71.30521,100,100,76.44477,84.15838,58.36443,100
k__Archaea,2157,36.65002,0,75.61482,4.55363,0,29.38557,17.68072,22.47619,16.64816,28.69479,0,0,23.55523,15.84162,41.63557,0
k__Archaea|p__Euryarchaeota,2157|28890,36.16634,0,68.02996,0,0,29.38557,17.61746,22.47619,16.64816,28.69479,0,0,23.55523,15.84162,41.63557,0
k__Archaea|p__Euryarchaeota|c__Methanobacteria,2157|28890|183925,29.6841,0,68.02996,0,0,29.38557,17.61746,22.47619,16.64816,28.69479,0,0,23.55523,15.84162,41.63557,0
k__Archaea|p__Euryarchaeota|c__Methanobacteria|o__Methanobacteriales,2157|28890|183925|2158,29.6841,0,68.02996,0,0,29.38557,17.61746,22.47619,16.64816,28.69479,0,0,23.55523,15.84162,41.63557,0
k__Archaea|p__Euryarchaeota|c__Methanobacteria|o__Methanobacteriales|f__Methanobacteriaceae,2157|28890|183925|2158|2159,29.6841,0,68.02996,0,0,29.38557,17.61746,22.47619,16.64816,28.69479,0,0,23.55523,15.84162,41.63557,0
k__Archaea|p__Euryarchaeota|c__Methanobacteria|o__Methanobacteriales|f__Methanobacteriaceae|g__Methanobrevibacter,2157|28890|183925|2158|2159|2172,0,0,68.02996,0,0,29.38557,17.61746,22.47619,16.64816,28.69479,0,0,23.55523,15.84162,41.63557,0
k__Archaea|p__Euryarchaeota|c__Methanobacteria|o__Methanobacteriales|f__Methanobacteriaceae|g__Methanobrevibacter|s__Methanobrevibacter_oralis,2157|28890|183925|2158|2159|2172|66851,0,0,68.02996,0,0,29.38557,17.61746,22.47619,16.64816,28.69479,0,0,23.55523,15.84162,41.63557,0
k__Bacteria|p__Firmicutes,2|1239,29.67121,0,6.83309,52.05255,44.59648,22.80755,40.46093,16.6178,40.20074,40.04209,46.68732,32.38428,21.58478,50.92826,25.07747,54.97437
k__Bacteria|p__Firmicutes|c__Clostridia,2|1239|186801,0,0,6.83309,52.05255,44.21644,21.7841,28.10883,3.34542,37.40088,36.89791,40.1465,25.9778,17.22696,47.00306,23.03809,40.70628
k__Bacteria|p__Firmicutes|c__Clostridia|o__Clostridiales,2|1239|186801|186802,0,0,6.83309,52.05255,44.21644,21.7841,28.10883,3.34542,37.40088,36.89791,40.1465,25.9778,17.22696,47.00306,23.03809,40.70628
k__Bacteria|p__Chloroflexi,2|200795,1.2682,0,5.88187,3.34968,23.81661,20.27565,8.10278,3.79215,11.82695,4.10172,19.74283,2.10554,2.74296,21.69484,5.48985,9.15778
k__Bacteria|p__Chloroflexi|c__Anaerolineae,2|200795|292625,0,0,5.88187,3.34968,23.81661,20.27565,8.10278,3.79215,11.82695,4.10172,19.74283,2.10554,2.74296,21.69484,5.48985,9.15778
k__Bacteria|p__Chloroflexi|c__Anaerolineae|o__Anaerolineales,2|200795|292625|292629,0,0,5.88187,3.34968,23.81661,20.27565,8.10278,3.79215,11.82695,4.10172,19.74283,2.10554,2.74296,21.69484,5.48985,9.15778
k__Bacteria|p__Chloroflexi|c__Anaerolineae|o__Anaerolineales|f__Anaerolineaceae,2|200795|292625|292629|292628,0,0,5.88187,3.34968,23.81661,20.27565,8.10278,3.79215,11.82695,4.10172,19.74283,2.10554,2.74296,21.69484,5.48985,9.15778
k__Bacteria|p__Chloroflexi|c__Anaerolineae|o__Anaerolineales|f__Anaerolineaceae|g__Anaerolineaceae_unclassified,2|200795|292625|292629|292628|,0,0,5.88187,3.34968,23.81661,20.27565,8.10278,3.79215,11.82695,4.10172,19.74283,2.10554,2.74296,21.69484,5.48985,9.15778
k__Bacteria|p__Chloroflexi|c__Anaerolineae|o__Anaerolineales|f__Anaerolineaceae|g__Anaerolineaceae_unclassified|s__Anaerolineaceae_bacterium_oral_taxon_439,2|200795|292625|292629|292628||1889813,0,0,5.88187,3.34968,23.81661,20.27565,8.10278,3.79215,11.82695,4.10172,19.74283,2.10554,2.74296,21.69484,5.48985,9.15778
k__Bacteria|p__Actinobacteria,2|201174,0,100,0.674,40.04414,13.06933,19.92222,15.56878,36.72518,16.03989,20.77231,6.74827,39.07169,21.13982,6.76158,13.80451,26.1879
k__Bacteria|p__Actinobacteria|c__Actinobacteria,2|201174|1760,0,0,0.674,29.10299,10.7392,19.92222,15.06247,35.93873,15.13827,20.20506,6.49613,38.50664,18.82291,6.01997,12.90834,24.29055
k__Bacteria|p__Firmicutes|c__Clostridia|o__Clostridiales|f__Clostridiales_Family_XIII_Incertae_Sedis,2|1239|186801|186802|543314,0,0,1.03381,12.22855,36.85748,16.14283,10.97647,1.35962,16.8282,27.75456,12.59247,18.24686,8.2239,29.68071,8.60464,28.49958
k__Bacteria|p__Firmicutes|c__Clostridia|o__Clostridiales|f__Clostridiales_Family_XIII_Incertae_Sedis|g__Clostridiales_Family_XIII_Incertae_Sedis_unclassified,2|1239|186801|186802|543314|,0,0,1.03381,12.22855,36.85748,16.14283,10.72034,1.35962,16.77005,27.75456,12.59247,18.24686,8.2239,29.68071,8.60464,28.38613
k__Bacteria|p__Actinobacteria|c__Actinobacteria|o__Actinomycetales,2|201174|1760|2037,0,0,0,29.10299,6.35505,15.23769,6.08174,32.98515,10.27438,15.2109,6.04516,32.19067,14.75865,2.33182,10.50952,21.94976
k__Bacteria|p__Actinobacteria|c__Actinobacteria|o__Actinomycetales|f__Actinomycetaceae,2|201174|1760|2037|2049,0,0,0,29.10299,6.35505,15.23769,6.08174,32.98515,10.27438,15.2109,6.04516,32.19067,14.75865,2.33182,10.50952,21.94976
k__Bacteria|p__Actinobacteria|c__Actinobacteria|o__Actinomycetales|f__Actinomycetaceae|g__Actinomyces,2|201174|1760|2037|2049|1654,0,0,0,29.10299,6.35505,15.23769,6.08174,32.98515,10.27438,15.2109,6.04516,31.90647,14.75865,2.33182,10.50952,21.94976
k__Bacteria|p__Firmicutes|c__Clostridia|o__Clostridiales|f__Clostridiales_Family_XIII_Incertae_Sedis|g__Clostridiales_Family_XIII_Incertae_Sedis_unclassified|s__Eubacterium_minutum,2|1239|186801|186802|543314||76124,0,0,1.03381,12.22855,31.58401,12.46726,4.45097,0.90475,8.50477,12.8237,6.06963,7.40748,4.45666,14.89221,6.35017,8.88894
k__Bacteria|p__Actinobacteria|c__Actinobacteria|o__Actinomycetales|f__Actinomycetaceae|g__Actinomyces|s__Actinomyces_sp_oral_taxon_414,2|201174|1760|2037|2049|1654|712122,0,0,0,29.10299,1.65342,7.61611,2.64519,10.70346,4.81241,7.48212,1.99322,16.70712,9.43891,0.57088,3.99192,10.1266
k__Bacteria|p__Actinobacteria|c__Actinobacteria|o__Actinomycetales|f__Actinomycetaceae|g__Actinomyces|s__Actinomyces_cardiffensis,2|201174|1760|2037|2049|1654|181487,0,0,0,0,4.44781,6.74621,0.35621,2.70826,1.09835,0,3.48683,0.98645,1.09737,0,0.73234,4.59775
k__Bacteria|p__Proteobacteria,2|1224,31.06819,0,10.59171,0,11.12976,6.68565,12.61045,17.12047,10.128,3.9332,14.64027,20.64627,25.87374,2.27297,9.94342,8.00698
k__Bacteria|p__Proteobacteria|c__Deltaproteobacteria,2|1224|28221,12.07361,0,5.52994,0,10.43674,6.68565,4.91027,0.09857,6.17997,3.9332,14.51404,4.81978,8.93979,1.93682,7.18262,3.50607
k__Bacteria|p__Proteobacteria|c__Deltaproteobacteria|o__Desulfobacterales,2|1224|28221|213118,0,0,5.52994,0,10.43674,6.68565,4.91027,0.09857,6.17997,3.9332,14.51404,4.81978,8.93979,1.93682,7.18262,3.50607
k__Bacteria|p__Proteobacteria|c__Deltaproteobacteria|o__Desulfobacterales|f__Desulfobulbaceae,2|1224|28221|213118|213121,0,0,5.52994,0,10.43674,6.68565,4.91027,0.09857,6.17997,3.9332,14.51404,4.81978,8.93979,1.93682,7.18262,3.50607
k__Bacteria|p__Proteobacteria|c__Deltaproteobacteria|o__Desulfobacterales|f__Desulfobulbaceae|g__Desulfobulbus,2|1224|28221|213118|213121|893,0,0,5.52994,0,10.43674,6.68565,4.91027,0.09857,6.17997,3.9332,14.51404,4.81978,8.93979,1.93682,7.18262,3.50607
k__Bacteria|p__Proteobacteria|c__Deltaproteobacteria|o__Desulfobacterales|f__Desulfobulbaceae|g__Desulfobulbus|s__Desulfobulbus_oralis,2|1224|28221|213118|213121|893|1986146,0,0,5.52994,0,10.43674,6.68565,4.91027,0.09857,6.17997,3.9332,14.51404,4.81978,8.93979,1.93682,7.18262,3.50607
k__Bacteria|p__Firmicutes|c__Clostridia|o__Clostridiales|f__Eubacteriaceae,2|1239|186801|186802|186806,0,0,4.74914,39.824,3.25732,5.64127,16.54317,1.6377,18.17545,9.14335,26.17974,0,8.84932,16.9622,12.48411,11.64591
k__Bacteria|p__Firmicutes|c__Clostridia|o__Clostridiales|f__Eubacteriaceae|g__Pseudoramibacter,2|1239|186801|186802|186806|113286,0,0,4.74914,39.824,3.25732,5.64127,16.54317,1.6377,18.17545,9.14335,26.17974,0,8.84932,16.9622,12.48411,11.64591
k__Bacteria|p__Firmicutes|c__Clostridia|o__Clostridiales|f__Eubacteriaceae|g__Pseudoramibacter|s__Pseudoramibacter_alactolyticus,2|1239|186801|186802|186806|113286|113287,0,0,4.74914,39.824,3.25732,5.64127,16.54317,1.6377,18.17545,9.14335,26.17974,0,8.84932,16.9622,12.48411,11.64591
k__Bacteria|p__Actinobacteria|c__Actinobacteria|o__Propionibacteriales,2|201174|1760|85009,0,0,0,0,4.36262,4.68454,5.39267,2.23374,4.64045,2.07393,0.45097,4.37564,2.60442,0,1.73348,1.60946
k__Bacteria|p__Actinobacteria|c__Actinobacteria|o__Propionibacteriales|f__Propionibacteriaceae,2|201174|1760|85009|31957,0,0,0,0,4.36262,4.68454,5.39267,2.23374,4.64045,2.07393,0.45097,4.37564,2.60442,0,1.73348,1.60946
k__Bacteria|p__Firmicutes|c__Clostridia|o__Clostridiales|f__Clostridiales_Family_XIII_Incertae_Sedis|g__Clostridiales_Family_XIII_Incertae_Sedis_unclassified|s__Eubacterium_saphenum,2|1239|186801|186802|543314||51123,0,0,0,0,3.7271,3.67557,6.26937,0.45488,6.21813,14.41186,6.01792,9.94004,3.71078,14.78851,2.18554,19.49718
k__Bacteria|p__Actinobacteria|c__Actinobacteria|o__Propionibacteriales|f__Propionibacteriaceae|g__Propionibacterium,2|201174|1760|85009|31957|1743,0,0,0,0,0,3.51747,0.40778,0.07623,0,0,0.25392,0,0,0,0,0
k__Bacteria|p__Actinobacteria|c__Actinobacteria|o__Propionibacteriales|f__Propionibacteriaceae|g__Propionibacterium|s__Propionibacterium_acidifaciens,2|201174|1760|85009|31957|1743|556499,0,0,0,0,0,3.51747,0.40778,0.07623,0,0,0.25392,0,0,0,0,0
k__Bacteria|p__Actinobacteria|c__Actinobacteria|o__Propionibacteriales|f__Propionibacteriaceae|g__Pseudopropionibacterium,2|201174|1760|85009|31957|1912217,0,0,0,0,3.9327,1.16706,4.98489,2.15751,4.64045,2.07393,0.19705,4.37564,2.60442,0,1.73348,1.60946
k__Bacteria|p__Actinobacteria|c__Actinobacteria|o__Propionibacteriales|f__Propionibacteriaceae|g__Pseudopropionibacterium|s__Pseudopropionibacterium_propionicum,2|201174|1760|85009|31957|1912217|1750,0,0,0,0,3.9327,1.16706,4.98489,2.15751,4.64045,2.07393,0.19705,4.37564,2.60442,0,1.73348,1.60946
k__Bacteria|p__Synergistetes,2|508458,0,0,0,0,2.87646,0.92335,3.52712,0.63416,1.83806,2.24193,7.09994,3.28505,2.6379,1.52587,1.29902,0.6581
k__Bacteria|p__Synergistetes|c__Synergistia,2|508458|649775,0,0,0,0,2.87646,0.92335,3.52712,0.63416,1.83806,2.24193,7.09994,3.28505,2.6379,1.52587,1.29902,0.6581
k__Bacteria|p__Synergistetes|c__Synergistia|o__Synergistales,2|508458|649775|649776,0,0,0,0,2.87646,0.92335,3.52712,0.63416,1.83806,2.24193,7.09994,3.28505,2.6379,1.52587,1.29902,0.6581
k__Bacteria|p__Synergistetes|c__Synergistia|o__Synergistales|f__Synergistaceae,2|508458|649775|649776|649777,0,0,0,0,2.87646,0.92335,3.52712,0.63416,1.83806,2.24193,7.09994,3.28505,2.6379,1.52587,1.29902,0.6581
k__Bacteria|p__Synergistetes|c__Synergistia|o__Synergistales|f__Synergistaceae|g__Fretibacterium,2|508458|649775|649776|649777|1434006,0,0,0,0,2.87646,0.92335,3.52712,0.63416,1.83806,2.24193,7.09994,3.28505,2.31872,1.52587,1.29902,0.6581
k__Bacteria|p__Synergistetes|c__Synergistia|o__Synergistales|f__Synergistaceae|g__Fretibacterium|s__Fretibacterium_fastidiosum,2|508458|649775|649776|649777|1434006|651822,0,0,0,0,2.87646,0.92335,3.52712,0.63416,1.83806,2.24193,7.09994,3.28505,2.31872,1.52587,1.29902,0.6581
k__Bacteria|p__Actinobacteria|c__Actinobacteria|o__Actinomycetales|f__Actinomycetaceae|g__Actinomyces|s__Actinomyces_oris,2|201174|1760|2037|2049|1654|544580,0,0,0,0,0,0.87537,2.09066,15.39221,0.01091,6.04251,0.0448,1.16884,2.05056,1.76094,1.33503,2.75632
k__Bacteria|p__Firmicutes|c__Bacilli,2|1239|91061,29.67121,0,0,0,0.22894,0.86023,12.3521,13.16947,2.11901,3.14417,6.50998,4.8984,4.3382,3.75179,1.80717,14.26809
k__Bacteria|p__Firmicutes|c__Bacilli|o__Bacillales,2|1239|91061|1385,29.67121,0,0,0,0.1908,0.86023,0.26191,0.11627,0.01551,2.02085,6.37913,1.28411,0.29115,3.75179,0.40729,0
k__Bacteria|p__Firmicutes|c__Bacilli|o__Bacillales|f__Bacillales_unclassified,2|1239|91061|1385|,0,0,0,0,0.1908,0.86023,0.26191,0.11627,0.01551,2.02085,6.37913,1.28411,0.29115,3.75179,0.40729,0
k__Bacteria|p__Firmicutes|c__Bacilli|o__Bacillales|f__Bacillales_unclassified|g__Gemella,2|1239|91061|1385||1378,0,0,0,0,0.1908,0.86023,0.26191,0.11627,0.01551,2.02085,6.37913,1.28411,0.29115,3.75179,0.40729,0
k__Bacteria|p__Firmicutes|c__Bacilli|o__Bacillales|f__Bacillales_unclassified|g__Gemella|s__Gemella_bergeri,2|1239|91061|1385||1378|84136,0,0,0,0,0.1908,0.86023,0.148,0.11627,0,2.02085,6.37913,0.33626,0.23777,3.75179,0.40729,0
k__Bacteria|p__Firmicutes|c__Erysipelotrichia,2|1239|526524,0,0,0,0,0.04653,0.16322,0,0,0.04578,0,0.03084,0,0.01963,0.08807,0,0
k__Bacteria|p__Firmicutes|c__Erysipelotrichia|o__Erysipelotrichales,2|1239|526524|526525,0,0,0,0,0.04653,0.16322,0,0,0.04578,0,0.03084,0,0.01963,0.08807,0,0
k__Bacteria|p__Firmicutes|c__Erysipelotrichia|o__Erysipelotrichales|f__Erysipelotrichaceae,2|1239|526524|526525|128827,0,0,0,0,0.04653,0.16322,0,0,0.04578,0,0.03084,0,0.01963,0.08807,0,0
k__Bacteria|p__Firmicutes|c__Erysipelotrichia|o__Erysipelotrichales|f__Erysipelotrichaceae|g__Bulleidia,2|1239|526524|526525|128827|118747,0,0,0,0,0.04653,0.16322,0,0,0.04578,0,0.03084,0,0.01963,0.08807,0,0
k__Bacteria|p__Firmicutes|c__Erysipelotrichia|o__Erysipelotrichales|f__Erysipelotrichaceae|g__Bulleidia|s__Bulleidia_extructa,2|1239|526524|526525|128827|118747|118748,0,0,0,0,0.04653,0.16322,0,0,0.04578,0,0.03084,0,0.01963,0.08807,0,0
k__Bacteria|p__Actinobacteria|c__Coriobacteriia,2|201174|84998,0,0,0,10.94114,2.33012,0,0.50631,0.78645,0.90161,0.56725,0.25214,0.56505,2.3169,0.7416,0.89617,1.89735
k__Bacteria|p__Actinobacteria|c__Coriobacteriia|o__Coriobacteriales,2|201174|84998|84999,0,0,0,10.94114,2.2301,0,0.50631,0.78645,0.82512,0.56725,0.25214,0.56505,2.31075,0,0.89617,1.89735
k__Bacteria|p__Actinobacteria|c__Coriobacteriia|o__Coriobacteriales|f__Atopobiaceae,2|201174|84998|84999|1643824,0,0,0,10.94114,2.2301,0,0.50631,0.78645,0.82512,0.56725,0.25214,0.56505,2.31075,0,0.89617,1.89735
k__Bacteria|p__Actinobacteria|c__Coriobacteriia|o__Coriobacteriales|f__Atopobiaceae|g__Olsenella,2|201174|84998|84999|1643824|133925,0,0,0,10.94114,2.2301,0,0.50631,0.78645,0.82512,0.56725,0.25214,0.56505,2.31075,0,0.89617,1.89735
k__Bacteria|p__Actinobacteria|c__Coriobacteriia|o__Coriobacteriales|f__Atopobiaceae|g__Olsenella|s__Olsenella_uli,2|201174|84998|84999|1643824|133925|133926,0,0,0,10.94114,2.2301,0,0.47312,0.58818,0.82512,0.56725,0.25214,0.56505,1.99785,0,0.89617,1.89735
k__Archaea|p__Thaumarchaeota,2157|651137,0.48368,0,7.58486,4.55363,0,0,0.06326,0,0,0,0,0,0,0,0,0
k__Archaea|p__Thaumarchaeota|c__Thaumarchaeota_unclassified,2157|651137|,0,0,7.58486,4.55363,0,0,0,0,0,0,0,0,0,0,0,0
k__Archaea|p__Thaumarchaeota|c__Thaumarchaeota_unclassified|o__Thaumarchaeota_unclassified,2157|651137||,0,0,7.58486,4.55363,0,0,0,0,0,0,0,0,0,0,0,0
k__Archaea|p__Thaumarchaeota|c__Thaumarchaeota_unclassified|o__Thaumarchaeota_unclassified|f__Thaumarchaeota_unclassified,2157|651137|||,0,0,7.58486,4.55363,0,0,0,0,0,0,0,0,0,0,0,0
k__Archaea|p__Thaumarchaeota|c__Thaumarchaeota_unclassified|o__Thaumarchaeota_unclassified|f__Thaumarchaeota_unclassified|g__Thaumarchaeota_unclassified,2157|651137||||,0,0,7.58486,4.55363,0,0,0,0,0,0,0,0,0,0,0,0
k__Archaea|p__Thaumarchaeota|c__Thaumarchaeota_unclassified|o__Thaumarchaeota_unclassified|f__Thaumarchaeota_unclassified|g__Thaumarchaeota_unclassified|s__Thaumarchaeota_archaeon_CSP1_1,2157|651137|||||1640512,0,0,7.58486,4.55363,0,0,0,0,0,0,0,0,0,0,0,0
k__Bacteria|p__Proteobacteria|c__Gammaproteobacteria,2|1224|1236,15.3672,0,3.37285,0,0,0,0.3338,0.09173,0.18278,0,0,1.06001,0.07481,0.33615,0.55353,0
k__Bacteria|p__Proteobacteria|c__Gammaproteobacteria|o__Acidiferrobacterales,2|1224|1236|1692040,0,0,3.37285,0,0,0,0,0,0,0,0,0,0,0.33615,0,0
k__Bacteria|p__Proteobacteria|c__Gammaproteobacteria|o__Acidiferrobacterales|f__Acidiferrobacteraceae,2|1224|1236|1692040|1692041,0,0,3.37285,0,0,0,0,0,0,0,0,0,0,0.33615,0,0
k__Bacteria|p__Proteobacteria|c__Gammaproteobacteria|o__Acidiferrobacterales|f__Acidiferrobacteraceae|g__Sulfuricaulis,2|1224|1236|1692040|1692041|1744881,0,0,3.37285,0,0,0,0,0,0,0,0,0,0,0.33615,0,0
k__Bacteria|p__Proteobacteria|c__Gammaproteobacteria|o__Acidiferrobacterales|f__Acidiferrobacteraceae|g__Sulfuricaulis|s__Sulfuricaulis_limicola,2|1224|1236|1692040|1692041|1744881|1620215,0,0,3.37285,0,0,0,0,0,0,0,0,0,0,0.33615,0,0
k__Bacteria|p__Proteobacteria|c__Betaproteobacteria,2|1224|28216,3.00126,0,1.68893,0,0.69302,0,7.36638,16.88582,3.74938,0,0,14.76647,16.83561,0,2.15068,4.5009
k__Bacteria|p__Proteobacteria|c__Betaproteobacteria|o__Nitrosomonadales,2|1224|28216|32003,3.00126,0,1.68893,0,0,0,0,0,0,0,0,0,0,0,0,0
k__Bacteria|p__Proteobacteria|c__Betaproteobacteria|o__Nitrosomonadales|f__Thiobacillaceae,2|1224|28216|32003|2008790,3.00126,0,1.68893,0,0,0,0,0,0,0,0,0,0,0,0,0
k__Bacteria|p__Proteobacteria|c__Betaproteobacteria|o__Nitrosomonadales|f__Thiobacillaceae|g__Thiobacillus,2|1224|28216|32003|2008790|919,3.00126,0,1.68893,0,0,0,0,0,0,0,0,0,0,0,0,0
k__Bacteria|p__Proteobacteria|c__Betaproteobacteria|o__Nitrosomonadales|f__Thiobacillaceae|g__Thiobacillus|s__Thiobacillus_denitrificans,2|1224|28216|32003|2008790|919|36861,3.00126,0,1.68893,0,0,0,0,0,0,0,0,0,0,0,0,0
k__Bacteria|p__Firmicutes|c__Clostridia|o__Clostridiales|f__Clostridiaceae,2|1239|186801|186802|31979,0,0,1.05014,0,0,0,0,0,0.08208,0,0,0,0,0,0,0
k__Bacteria|p__Firmicutes|c__Clostridia|o__Clostridiales|f__Clostridiaceae|g__Clostridium,2|1239|186801|186802|31979|1485,0,0,1.05014,0,0,0,0,0,0.08208,0,0,0,0,0,0,0
k__Bacteria|p__Firmicutes|c__Clostridia|o__Clostridiales|f__Clostridiaceae|g__Clostridium|s__Clostridium_novyi,2|1239|186801|186802|31979|1485|1542,0,0,1.05014,0,0,0,0,0,0,0,0,0,0,0,0,0
k__Bacteria|p__Actinobacteria|c__Actinobacteria|o__Micromonosporales,2|201174|1760|85008,0,0,0.674,0,0,0,0,0,0,0,0,0,0,0,0,0
k__Bacteria|p__Actinobacteria|c__Actinobacteria|o__Micromonosporales|f__Micromonosporaceae,2|201174|1760|85008|28056,0,0,0.674,0,0,0,0,0,0,0,0,0,0,0,0,0
k__Bacteria|p__Actinobacteria|c__Actinobacteria|o__Micromonosporales|f__Micromonosporaceae|g__Micromonospora,2|201174|1760|85008|28056|1873,0,0,0.674,0,0,0,0,0,0,0,0,0,0,0,0,0
k__Bacteria|p__Actinobacteria|c__Actinobacteria|o__Micromonosporales|f__Micromonosporaceae|g__Micromonospora|s__Micromonospora_aurantiaca,2|201174|1760|85008|28056|1873|47850,0,0,0.674,0,0,0,0,0,0,0,0,0,0,0,0,0
k__Bacteria|p__Nitrospirae,2|40117,0,0,0.40451,0,0,0,0,0,0,0,0,0,0,0,0,0
k__Bacteria|p__Nitrospirae|c__Nitrospira,2|40117|203693,0,0,0.40451,0,0,0,0,0,0,0,0,0,0,0,0,0
k__Bacteria|p__Nitrospirae|c__Nitrospira|o__Nitrospirales,2|40117|203693|189778,0,0,0.40451,0,0,0,0,0,0,0,0,0,0,0,0,0
k__Bacteria|p__Nitrospirae|c__Nitrospira|o__Nitrospirales|f__Nitrospiraceae,2|40117|203693|189778|189779,0,0,0.40451,0,0,0,0,0,0,0,0,0,0,0,0,0
k__Bacteria|p__Nitrospirae|c__Nitrospira|o__Nitrospirales|f__Nitrospiraceae|g__Nitrospira,2|40117|203693|189778|189779|1234,0,0,0.40451,0,0,0,0,0,0,0,0,0,0,0,0,0
k__Bacteria|p__Nitrospirae|c__Nitrospira|o__Nitrospirales|f__Nitrospiraceae|g__Nitrospira|s__Nitrospira_sp_CG24A,2|40117|203693|189778|189779|1234|1985133,0,0,0.40451,0,0,0,0,0,0,0,0,0,0,0,0,0
k__Archaea|p__Euryarchaeota|c__Methanobacteria|o__Methanobacteriales|f__Methanobacteriaceae|g__Methanobacterium,2157|28890|183925|2158|2159|2160,29.6841,0,0,0,0,0,0,0,0,0,0,0,0,0,0,0
k__Archaea|p__Euryarchaeota|c__Methanobacteria|o__Methanobacteriales|f__Methanobacteriaceae|g__Methanobacterium|s__Methanobacterium_subterraneum,2157|28890|183925|2158|2159|2160|59277,29.6841,0,0,0,0,0,0,0,0,0,0,0,0,0,0,0
k__Archaea|p__Euryarchaeota|c__Methanomicrobia,2157|28890|224756,6.48224,0,0,0,0,0,0,0,0,0,0,0,0,0,0,0
k__Archaea|p__Euryarchaeota|c__Methanomicrobia|o__Methanosarcinales,2157|28890|224756|94695,6.48224,0,0,0,0,0,0,0,0,0,0,0,0,0,0,0
k__Archaea|p__Euryarchaeota|c__Methanomicrobia|o__Methanosarcinales|f__Methanosaetaceae,2157|28890|224756|94695|143067,6.48224,0,0,0,0,0,0,0,0,0,0,0,0,0,0,0
k__Archaea|p__Euryarchaeota|c__Methanomicrobia|o__Methanosarcinales|f__Methanosaetaceae|g__Methanothrix,2157|28890|224756|94695|143067|2222,6.48224,0,0,0,0,0,0,0,0,0,0,0,0,0,0,0
k__Archaea|p__Euryarchaeota|c__Methanomicrobia|o__Methanosarcinales|f__Methanosaetaceae|g__Methanothrix|s__Methanothrix_soehngenii,2157|28890|224756|94695|143067|2222|2223,6.48224,0,0,0,0,0,0,0,0,0,0,0,0,0,0,0
k__Archaea|p__Thaumarchaeota|c__Nitrososphaeria,2157|651137|1643678,0.48368,0,0,0,0,0,0.06326,0,0,0,0,0,0,0,0,0
k__Archaea|p__Thaumarchaeota|c__Nitrososphaeria|o__Nitrososphaerales,2157|651137|1643678|1033996,0.48368,0,0,0,0,0,0.06326,0,0,0,0,0,0,0,0,0
k__Archaea|p__Thaumarchaeota|c__Nitrososphaeria|o__Nitrososphaerales|f__Nitrososphaeraceae,2157|651137|1643678|1033996|1033997,0.48368,0,0,0,0,0,0.06326,0,0,0,0,0,0,0,0,0
k__Archaea|p__Thaumarchaeota|c__Nitrososphaeria|o__Nitrososphaerales|f__Nitrososphaeraceae|g__Candidatus_Nitrosocosmicus,2157|651137|1643678|1033996|1033997|1826864,0.48368,0,0,0,0,0,0.06326,0,0,0,0,0,0,0,0,0
k__Archaea|p__Thaumarchaeota|c__Nitrososphaeria|o__Nitrososphaerales|f__Nitrososphaeraceae|g__Candidatus_Nitrosocosmicus|s__Candidatus_Nitrosocosmicus_oleophilus,2157|651137|1643678|1033996|1033997|1826864|1353260,0.48368,0,0,0,0,0,0.06326,0,0,0,0,0,0,0,0,0
k__Bacteria|p__Acidobacteria,2|57723,1.34238,0,0,0,0,0,0,0,0,0,0,0,0,0,0,0
k__Bacteria|p__Acidobacteria|c__Blastocatellia,2|57723|1562566,1.34238,0,0,0,0,0,0,0,0,0,0,0,0,0,0,0
k__Bacteria|p__Acidobacteria|c__Blastocatellia|o__Blastocatellia_unclassified,2|57723|1562566|,1.34238,0,0,0,0,0,0,0,0,0,0,0,0,0,0,0
k__Bacteria|p__Acidobacteria|c__Blastocatellia|o__Blastocatellia_unclassified|f__Blastocatellia_unclassified,2|57723|1562566||,1.34238,0,0,0,0,0,0,0,0,0,0,0,0,0,0,0
k__Bacteria|p__Acidobacteria|c__Blastocatellia|o__Blastocatellia_unclassified|f__Blastocatellia_unclassified|g__Chloracidobacterium,2|57723|1562566|||458032,1.34238,0,0,0,0,0,0,0,0,0,0,0,0,0,0,0
k__Bacteria|p__Acidobacteria|c__Blastocatellia|o__Blastocatellia_unclassified|f__Blastocatellia_unclassified|g__Chloracidobacterium|s__Chloracidobacterium_thermophilum,2|57723|1562566|||458032|458033,1.34238,0,0,0,0,0,0,0,0,0,0,0,0,0,0,0
k__Bacteria|p__Actinobacteria|c__Actinobacteria|o__Actinomycetales|f__Actinomycetaceae|g__Actinobaculum,2|201174|1760|2037|2049|76833,0,0,0,0,0,0,0,0,0,0,0,0.2842,0,0,0,0
k__Bacteria|p__Actinobacteria|c__Actinobacteria|o__Actinomycetales|f__Actinomycetaceae|g__Actinobaculum|s__Actinobaculum_sp_oral_taxon_183,2|201174|1760|2037|2049|76833|712888,0,0,0,0,0,0,0,0,0,0,0,0.2842,0,0,0,0
k__Bacteria|p__Actinobacteria|c__Actinobacteria|o__Actinomycetales|f__Actinomycetaceae|g__Actinomyces|s__Actinomyces_georgiae,2|201174|1760|2037|2049|1654|52768,0,0,0,0,0,0,0,0,0,0,0,0,0,0,0.03168,0
k__Bacteria|p__Actinobacteria|c__Actinobacteria|o__Actinomycetales|f__Actinomycetaceae|g__Actinomyces|s__Actinomyces_hongkongensis,2|201174|1760|2037|2049|1654|178339,0,0,0,0,0,0,0,0,0,0,0,0,0,0,0.08911,0
k__Bacteria|p__Actinobacteria|c__Actinobacteria|o__Actinomycetales|f__Actinomycetaceae|g__Actinomyces|s__Actinomyces_johnsonii,2|201174|1760|2037|2049|1654|544581,0,0,0,0,0,0,0.2091,0.74423,0,0,0,1.72615,0,0,0.87938,0
k__Bacteria|p__Actinobacteria|c__Actinobacteria|o__Actinomycetales|f__Actinomycetaceae|g__Actinomyces|s__Actinomyces_massiliensis,2|201174|1760|2037|2049|1654|461393,0,0,0,0,0,0,0,0,0.22319,0.15897,0,2.72463,0.16298,0,0.24781,0.03537
k__Bacteria|p__Actinobacteria|c__Actinobacteria|o__Actinomycetales|f__Actinomycetaceae|g__Actinomyces|s__Actinomyces_meyeri,2|201174|1760|2037|2049|1654|52773,0,0,0,0,0,0,0,0,0.08678,0,0.4819,1.28183,0,0,0,0
k__Bacteria|p__Actinobacteria|c__Actinobacteria|o__Actinomycetales|f__Actinomycetaceae|g__Actinomyces|s__Actinomyces_naeslundii,2|201174|1760|2037|2049|1654|1655,0,0,0,0,0.25382,0,0,0.67537,0.00946,0.78603,0.03842,0.29366,0.12824,0,1.28206,0
k__Bacteria|p__Actinobacteria|c__Actinobacteria|o__Actinomycetales|f__Actinomycetaceae|g__Actinomyces|s__Actinomyces_odontolyticus,2|201174|1760|2037|2049|1654|1660,0,0,0,0,0,0,0.20174,0.86224,0,0,0,0,0.03238,0,0,0.98772
k__Bacteria|p__Actinobacteria|c__Actinobacteria|o__Actinomycetales|f__Actinomycetaceae|g__Actinomyces|s__Actinomyces_sp_oral_taxon_180,2|201174|1760|2037|2049|1654|651609,0,0,0,0,0,0,0,0,0,0,0,0,0,0,0.01918,0
k__Bacteria|p__Actinobacteria|c__Actinobacteria|o__Actinomycetales|f__Actinomycetaceae|g__Actinomyces|s__Actinomyces_sp_oral_taxon_897,2|201174|1760|2037|2049|1654|2081702,0,0,0,0,0,0,0.57884,1.89938,4.03327,0.74127,0,7.01779,1.8482,0,1.90101,3.44601
k__Bacteria|p__Actinobacteria|c__Actinobacteria|o__Bifidobacteriales,2|201174|1760|85004,0,0,0,0,0,0,0,0,0,0,0,0,0.16563,0,0,0
k__Bacteria|p__Actinobacteria|c__Actinobacteria|o__Bifidobacteriales|f__Bifidobacteriaceae,2|201174|1760|85004|31953,0,0,0,0,0,0,0,0,0,0,0,0,0.16563,0,0,0
k__Bacteria|p__Actinobacteria|c__Actinobacteria|o__Bifidobacteriales|f__Bifidobacteriaceae|g__Bifidobacterium,2|201174|1760|85004|31953|1678,0,0,0,0,0,0,0,0,0,0,0,0,0.16563,0,0,0
k__Bacteria|p__Actinobacteria|c__Actinobacteria|o__Bifidobacteriales|f__Bifidobacteriaceae|g__Bifidobacterium|s__Bifidobacterium_dentium,2|201174|1760|85004|31953|1678|1689,0,0,0,0,0,0,0,0,0,0,0,0,0.16563,0,0,0
k__Bacteria|p__Actinobacteria|c__Actinobacteria|o__Corynebacteriales,2|201174|1760|85007,0,0,0,0,0.02153,0,0.68582,0.71984,0.22345,1.91425,0,0.59675,0.43175,0,0.66535,0
k__Bacteria|p__Actinobacteria|c__Actinobacteria|o__Corynebacteriales|f__Corynebacteriaceae,2|201174|1760|85007|1653,0,0,0,0,0.02153,0,0.68582,0.71984,0.22345,1.91425,0,0.59675,0.43175,0,0.66535,0
k__Bacteria|p__Actinobacteria|c__Actinobacteria|o__Corynebacteriales|f__Corynebacteriaceae|g__Corynebacterium,2|201174|1760|85007|1653|1716,0,0,0,0,0.02153,0,0.68582,0.71984,0.22345,1.91425,0,0.59675,0.43175,0,0.66535,0
k__Bacteria|p__Actinobacteria|c__Actinobacteria|o__Corynebacteriales|f__Corynebacteriaceae|g__Corynebacterium|s__Corynebacterium_durum,2|201174|1760|85007|1653|1716|61592,0,0,0,0,0,0,0.68582,0,0,0,0,0,0.29644,0,0,0
k__Bacteria|p__Actinobacteria|c__Actinobacteria|o__Corynebacteriales|f__Corynebacteriaceae|g__Corynebacterium|s__Corynebacterium_matruchotii,2|201174|1760|85007|1653|1716|43768,0,0,0,0,0.02153,0,0,0.71984,0.22345,1.91425,0,0.59675,0.13532,0,0.66535,0
k__Bacteria|p__Actinobacteria|c__Actinobacteria|o__Micrococcales,2|201174|1760|85006,0,0,0,0,0,0,2.90224,0,0,1.00598,0,1.34358,0.86246,3.68815,0,0.73133
k__Bacteria|p__Actinobacteria|c__Actinobacteria|o__Micrococcales|f__Micrococcaceae,2|201174|1760|85006|1268,0,0,0,0,0,0,2.90224,0,0,1.00598,0,1.34358,0.86246,3.68815,0,0.73133
k__Bacteria|p__Actinobacteria|c__Actinobacteria|o__Micrococcales|f__Micrococcaceae|g__Rothia,2|201174|1760|85006|1268|32207,0,0,0,0,0,0,2.90224,0,0,1.00598,0,1.34358,0.86246,3.68815,0,0.73133
k__Bacteria|p__Actinobacteria|c__Actinobacteria|o__Micrococcales|f__Micrococcaceae|g__Rothia|s__Rothia_aeria,2|201174|1760|85006|1268|32207|172042,0,0,0,0,0,0,2.90224,0,0,0,0,1.34358,0.86246,0,0,0.35639
k__Bacteria|p__Actinobacteria|c__Actinobacteria|o__Micrococcales|f__Micrococcaceae|g__Rothia|s__Rothia_dentocariosa,2|201174|1760|85006|1268|32207|2047,0,0,0,0,0,0,0,0,0,1.00598,0,0,0,3.68815,0,0.37493
k__Bacteria|p__Actinobacteria|c__Actinobacteria|o__Propionibacteriales|f__Propionibacteriaceae|g__Cutibacterium,2|201174|1760|85009|31957|1912216,0,0,0,0,0.42992,0,0,0,0,0,0,0,0,0,0,0
k__Bacteria|p__Actinobacteria|c__Actinobacteria|o__Propionibacteriales|f__Propionibacteriaceae|g__Cutibacterium|s__Cutibacterium_acnes,2|201174|1760|85009|31957|1912216|1747,0,0,0,0,0.42992,0,0,0,0,0,0,0,0,0,0,0
k__Bacteria|p__Actinobacteria|c__Coriobacteriia|o__Coriobacteriales|f__Atopobiaceae|g__Olsenella|s__Olsenella_profusa,2|201174|84998|84999|1643824|133925|138595,0,0,0,0,0,0,0.03319,0.19827,0,0,0,0,0.3129,0,0,0
k__Bacteria|p__Actinobacteria|c__Coriobacteriia|o__Eggerthellales,2|201174|84998|1643822,0,0,0,0,0.10002,0,0,0,0.07649,0,0,0,0.00615,0.7416,0,0
k__Bacteria|p__Actinobacteria|c__Coriobacteriia|o__Eggerthellales|f__Eggerthellaceae,2|201174|84998|1643822|1643826,0,0,0,0,0.10002,0,0,0,0.07649,0,0,0,0.00615,0.7416,0,0
k__Bacteria|p__Actinobacteria|c__Coriobacteriia|o__Eggerthellales|f__Eggerthellaceae|g__Slackia,2|201174|84998|1643822|1643826|84108,0,0,0,0,0.10002,0,0,0,0.07649,0,0,0,0.00615,0.7416,0,0
k__Bacteria|p__Actinobacteria|c__Coriobacteriia|o__Eggerthellales|f__Eggerthellaceae|g__Slackia|s__Slackia_exigua,2|201174|84998|1643822|1643826|84108|84109,0,0,0,0,0.10002,0,0,0,0.07649,0,0,0,0.00615,0.7416,0,0
k__Bacteria|p__Actinobacteria|c__Thermoleophilia,2|201174|1497346,0,100,0,0,0,0,0,0,0,0,0,0,0,0,0,0
k__Bacteria|p__Actinobacteria|c__Thermoleophilia|o__Thermoleophilales,2|201174|1497346|588674,0,100,0,0,0,0,0,0,0,0,0,0,0,0,0,0
k__Bacteria|p__Actinobacteria|c__Thermoleophilia|o__Thermoleophilales|f__Thermoleophilaceae,2|201174|1497346|588674|320796,0,100,0,0,0,0,0,0,0,0,0,0,0,0,0,0
k__Bacteria|p__Actinobacteria|c__Thermoleophilia|o__Thermoleophilales|f__Thermoleophilaceae|g__Thermoleophilum,2|201174|1497346|588674|320796|192992,0,100,0,0,0,0,0,0,0,0,0,0,0,0,0,0
k__Bacteria|p__Actinobacteria|c__Thermoleophilia|o__Thermoleophilales|f__Thermoleophilaceae|g__Thermoleophilum|s__Thermoleophilum_album,2|201174|1497346|588674|320796|192992|29539,0,100,0,0,0,0,0,0,0,0,0,0,0,0,0,0
k__Bacteria|p__Bacteroidetes,2|976,0,0,0,0,3.69183,0,1.49066,2.54836,1.85366,0.21397,4.46846,2.02774,2.28882,0.67233,2.15092,1.01487
k__Bacteria|p__Bacteroidetes|c__Bacteroidetes_unclassified,2|976|,0,0,0,0,0.49869,0,0.89527,0.066,1.16083,0,0.36159,0.79284,1.21335,0.08039,0.53344,0
k__Bacteria|p__Bacteroidetes|c__Bacteroidetes_unclassified|o__Bacteroidetes_unclassified,2|976||,0,0,0,0,0.49869,0,0.89527,0.066,1.16083,0,0.36159,0.79284,1.21335,0.08039,0.53344,0
k__Bacteria|p__Bacteroidetes|c__Bacteroidetes_unclassified|o__Bacteroidetes_unclassified|f__Bacteroidetes_unclassified,2|976|||,0,0,0,0,0.49869,0,0.89527,0.066,1.16083,0,0.36159,0.79284,1.21335,0.08039,0.53344,0
k__Bacteria|p__Bacteroidetes|c__Bacteroidetes_unclassified|o__Bacteroidetes_unclassified|f__Bacteroidetes_unclassified|g__Bacteroidetes_unclassified,2|976||||,0,0,0,0,0.49869,0,0.89527,0.066,1.16083,0,0.36159,0.79284,1.21335,0.08039,0.53344,0
k__Bacteria|p__Bacteroidetes|c__Bacteroidetes_unclassified|o__Bacteroidetes_unclassified|f__Bacteroidetes_unclassified|g__Bacteroidetes_unclassified|s__Bacteroidetes_bacterium_oral_taxon_272,2|976|||||651591,0,0,0,0,0.29188,0,0,0,0.02895,0,0.36159,0,0.62953,0.08039,0.19164,0
k__Bacteria|p__Bacteroidetes|c__Bacteroidetes_unclassified|o__Bacteroidetes_unclassified|f__Bacteroidetes_unclassified|g__Bacteroidetes_unclassified|s__Bacteroidetes_oral_taxon_274,2|976|||||652708,0,0,0,0,0.20682,0,0.89527,0.066,1.13188,0,0,0.79284,0.58382,0,0.34181,0
k__Bacteria|p__Bacteroidetes|c__Bacteroidia,2|976|200643,0,0,0,0,3.19314,0,0.59539,0.85436,0.50668,0.21397,4.10688,0.71402,0.67996,0.59194,1.00368,0
k__Bacteria|p__Bacteroidetes|c__Bacteroidia|o__Bacteroidales,2|976|200643|171549,0,0,0,0,3.19314,0,0.59539,0.85436,0.50668,0.21397,4.10688,0.71402,0.67996,0.59194,1.00368,0
k__Bacteria|p__Bacteroidetes|c__Bacteroidia|o__Bacteroidales|f__Porphyromonadaceae,2|976|200643|171549|171551,0,0,0,0,0,0,0,0,0.00286,0,0,0,0,0,0.00934,0
k__Bacteria|p__Bacteroidetes|c__Bacteroidia|o__Bacteroidales|f__Porphyromonadaceae|g__Porphyromonas,2|976|200643|171549|171551|836,0,0,0,0,0,0,0,0,0.00286,0,0,0,0,0,0.00934,0
k__Bacteria|p__Bacteroidetes|c__Bacteroidia|o__Bacteroidales|f__Porphyromonadaceae|g__Porphyromonas|s__Porphyromonas_catoniae,2|976|200643|171549|171551|836|41976,0,0,0,0,0,0,0,0,0,0,0,0,0,0,0.00934,0
k__Bacteria|p__Bacteroidetes|c__Bacteroidia|o__Bacteroidales|f__Porphyromonadaceae|g__Porphyromonas|s__Porphyromonas_gingivalis,2|976|200643|171549|171551|836|837,0,0,0,0,0,0,0,0,0.00286,0,0,0,0,0,0,0
k__Bacteria|p__Bacteroidetes|c__Bacteroidia|o__Bacteroidales|f__Prevotellaceae,2|976|200643|171549|171552,0,0,0,0,0,0,0,0,0.00866,0,0,0,0,0,0.16359,0
k__Bacteria|p__Bacteroidetes|c__Bacteroidia|o__Bacteroidales|f__Prevotellaceae|g__Prevotella,2|976|200643|171549|171552|838,0,0,0,0,0,0,0,0,0.00866,0,0,0,0,0,0.16359,0
k__Bacteria|p__Bacteroidetes|c__Bacteroidia|o__Bacteroidales|f__Prevotellaceae|g__Prevotella|s__Prevotella_intermedia,2|976|200643|171549|171552|838|28131,0,0,0,0,0,0,0,0,0,0,0,0,0,0,0.00282,0
k__Bacteria|p__Bacteroidetes|c__Bacteroidia|o__Bacteroidales|f__Prevotellaceae|g__Prevotella|s__Prevotella_loescheii,2|976|200643|171549|171552|838|840,0,0,0,0,0,0,0,0,0.00866,0,0,0,0,0,0.16078,0
k__Bacteria|p__Bacteroidetes|c__Bacteroidia|o__Bacteroidales|f__Tannerellaceae,2|976|200643|171549|2005525,0,0,0,0,3.19314,0,0.59539,0.85436,0.49516,0.21397,4.10688,0.71402,0.67996,0.59194,0.83075,0
k__Bacteria|p__Bacteroidetes|c__Bacteroidia|o__Bacteroidales|f__Tannerellaceae|g__Tannerella,2|976|200643|171549|2005525|195950,0,0,0,0,3.19314,0,0.59539,0.85436,0.49516,0.21397,4.10688,0.71402,0.67996,0.59194,0.83075,0
k__Bacteria|p__Bacteroidetes|c__Bacteroidia|o__Bacteroidales|f__Tannerellaceae|g__Tannerella|s__Tannerella_forsythia,2|976|200643|171549|2005525|195950|28112,0,0,0,0,3.19314,0,0.59539,0.54857,0.48128,0.21397,4.10688,0.71402,0.62178,0.59194,0.8258,0
k__Bacteria|p__Bacteroidetes|c__Bacteroidia|o__Bacteroidales|f__Tannerellaceae|g__Tannerella|s__Tannerella_sp_oral_taxon_HOT_286,2|976|200643|171549|2005525|195950|712710,0,0,0,0,0,0,0,0.30579,0.01389,0,0,0,0.05818,0,0.00495,0
k__Bacteria|p__Bacteroidetes|c__Flavobacteriia,2|976|117743,0,0,0,0,0,0,0,1.628,0.18615,0,0,0.52089,0.39551,0,0.6138,1.01487
k__Bacteria|p__Bacteroidetes|c__Flavobacteriia|o__Flavobacteriales,2|976|117743|200644,0,0,0,0,0,0,0,1.628,0.18615,0,0,0.52089,0.39551,0,0.6138,1.01487
k__Bacteria|p__Bacteroidetes|c__Flavobacteriia|o__Flavobacteriales|f__Flavobacteriaceae,2|976|117743|200644|49546,0,0,0,0,0,0,0,1.628,0.18615,0,0,0.52089,0.39551,0,0.6138,1.01487
k__Bacteria|p__Bacteroidetes|c__Flavobacteriia|o__Flavobacteriales|f__Flavobacteriaceae|g__Capnocytophaga,2|976|117743|200644|49546|1016,0,0,0,0,0,0,0,1.628,0.18615,0,0,0.52089,0.39551,0,0.6138,1.01487
k__Bacteria|p__Bacteroidetes|c__Flavobacteriia|o__Flavobacteriales|f__Flavobacteriaceae|g__Capnocytophaga|s__Capnocytophaga_gingivalis,2|976|117743|200644|49546|1016|1017,0,0,0,0,0,0,0,0.24999,0.07366,0,0,0.33876,0.20438,0,0.14528,1.01487
k__Bacteria|p__Bacteroidetes|c__Flavobacteriia|o__Flavobacteriales|f__Flavobacteriaceae|g__Capnocytophaga|s__Capnocytophaga_granulosa,2|976|117743|200644|49546|1016|45242,0,0,0,0,0,0,0,0,0,0,0,0.07397,0,0,0.04402,0
k__Bacteria|p__Bacteroidetes|c__Flavobacteriia|o__Flavobacteriales|f__Flavobacteriaceae|g__Capnocytophaga|s__Capnocytophaga_leadbetteri,2|976|117743|200644|49546|1016|327575,0,0,0,0,0,0,0,0,0.01568,0,0,0,0.05886,0,0.145,0
k__Bacteria|p__Bacteroidetes|c__Flavobacteriia|o__Flavobacteriales|f__Flavobacteriaceae|g__Capnocytophaga|s__Capnocytophaga_sputigena,2|976|117743|200644|49546|1016|1019,0,0,0,0,0,0,0,1.37802,0.0968,0,0,0.10816,0.13227,0,0.27949,0
k__Bacteria|p__Chloroflexi|c__Chloroflexi_unclassified,2|200795|,1.2682,0,0,0,0,0,0,0,0,0,0,0,0,0,0,0
k__Bacteria|p__Chloroflexi|c__Chloroflexi_unclassified|o__Chloroflexi_unclassified,2|200795||,1.2682,0,0,0,0,0,0,0,0,0,0,0,0,0,0,0
k__Bacteria|p__Chloroflexi|c__Chloroflexi_unclassified|o__Chloroflexi_unclassified|f__Chloroflexi_unclassified,2|200795|||,1.2682,0,0,0,0,0,0,0,0,0,0,0,0,0,0,0
k__Bacteria|p__Chloroflexi|c__Chloroflexi_unclassified|o__Chloroflexi_unclassified|f__Chloroflexi_unclassified|g__Chloroflexi_unclassified,2|200795||||,1.2682,0,0,0,0,0,0,0,0,0,0,0,0,0,0,0
k__Bacteria|p__Chloroflexi|c__Chloroflexi_unclassified|o__Chloroflexi_unclassified|f__Chloroflexi_unclassified|g__Chloroflexi_unclassified|s__Chloroflexi_bacterium_GWB2_54_36,2|200795|||||1797613,1.2682,0,0,0,0,0,0,0,0,0,0,0,0,0,0,0
k__Bacteria|p__Firmicutes|c__Bacilli|o__Bacillales|f__Bacillaceae,2|1239|91061|1385|186817,14.69,0,0,0,0,0,0,0,0,0,0,0,0,0,0,0
k__Bacteria|p__Firmicutes|c__Bacilli|o__Bacillales|f__Bacillaceae|g__Bacillus,2|1239|91061|1385|186817|1386,14.69,0,0,0,0,0,0,0,0,0,0,0,0,0,0,0
k__Bacteria|p__Firmicutes|c__Bacilli|o__Bacillales|f__Bacillaceae|g__Bacillus|s__Bacillus_butanolivorans,2|1239|91061|1385|186817|1386|421767,4.75222,0,0,0,0,0,0,0,0,0,0,0,0,0,0,0
k__Bacteria|p__Firmicutes|c__Bacilli|o__Bacillales|f__Bacillaceae|g__Bacillus|s__Bacillus_simplex,2|1239|91061|1385|186817|1386|1478,9.93778,0,0,0,0,0,0,0,0,0,0,0,0,0,0,0
k__Bacteria|p__Firmicutes|c__Bacilli|o__Bacillales|f__Bacillales_unclassified|g__Gemella|s__Gemella_morbillorum,2|1239|91061|1385||1378|29391,0,0,0,0,0,0,0.11391,0,0.01551,0,0,0.94785,0.05338,0,0,0
k__Bacteria|p__Firmicutes|c__Bacilli|o__Bacillales|f__Thermoactinomycetaceae,2|1239|91061|1385|186824,14.9812,0,0,0,0,0,0,0,0,0,0,0,0,0,0,0
k__Bacteria|p__Firmicutes|c__Bacilli|o__Bacillales|f__Thermoactinomycetaceae|g__Planifilum,2|1239|91061|1385|186824|332100,14.9812,0,0,0,0,0,0,0,0,0,0,0,0,0,0,0
k__Bacteria|p__Firmicutes|c__Bacilli|o__Bacillales|f__Thermoactinomycetaceae|g__Planifilum|s__Planifilum_fulgidum,2|1239|91061|1385|186824|332100|201973,14.9812,0,0,0,0,0,0,0,0,0,0,0,0,0,0,0
k__Bacteria|p__Firmicutes|c__Bacilli|o__Lactobacillales,2|1239|91061|186826,0,0,0,0,0.03814,0,12.09019,13.0532,2.10351,1.12332,0.13085,3.61429,4.04705,0,1.39988,14.26809
k__Bacteria|p__Firmicutes|c__Bacilli|o__Lactobacillales|f__Aerococcaceae,2|1239|91061|186826|186827,0,0,0,0,0,0,0.83485,0.67208,0.06035,0,0,0.40075,0.71733,0,0.15159,0
k__Bacteria|p__Firmicutes|c__Bacilli|o__Lactobacillales|f__Aerococcaceae|g__Abiotrophia,2|1239|91061|186826|186827|46123,0,0,0,0,0,0,0.83485,0.67208,0.06035,0,0,0.40075,0.71733,0,0.15159,0
k__Bacteria|p__Firmicutes|c__Bacilli|o__Lactobacillales|f__Aerococcaceae|g__Abiotrophia|s__Abiotrophia_defectiva,2|1239|91061|186826|186827|46123|46125,0,0,0,0,0,0,0.23854,0,0,0,0,0,0.09532,0,0,0
k__Bacteria|p__Firmicutes|c__Bacilli|o__Lactobacillales|f__Aerococcaceae|g__Abiotrophia|s__Abiotrophia_sp_HMSC24B09,2|1239|91061|186826|186827|46123|1581061,0,0,0,0,0,0,0.59631,0.67208,0.06035,0,0,0.40075,0.62201,0,0.15159,0
k__Bacteria|p__Firmicutes|c__Bacilli|o__Lactobacillales|f__Streptococcaceae,2|1239|91061|186826|1300,0,0,0,0,0.03814,0,11.25533,12.38112,2.04316,1.12332,0.13085,3.21354,3.32972,0,1.24829,14.26809
k__Bacteria|p__Firmicutes|c__Bacilli|o__Lactobacillales|f__Streptococcaceae|g__Streptococcus,2|1239|91061|186826|1300|1301,0,0,0,0,0.03814,0,11.25533,12.38112,2.04316,1.12332,0.13085,3.21354,3.32972,0,1.24829,14.26809
k__Bacteria|p__Firmicutes|c__Bacilli|o__Lactobacillales|f__Streptococcaceae|g__Streptococcus|s__Streptococcus_anginosus_group,2|1239|91061|186826|1300|1301|671232,0,0,0,0,0,0,0,0,0.10679,0,0,0,0,0,0,0
k__Bacteria|p__Firmicutes|c__Bacilli|o__Lactobacillales|f__Streptococcaceae|g__Streptococcus|s__Streptococcus_cristatus,2|1239|91061|186826|1300|1301|45634,0,0,0,0,0,0,0,0.19527,0,0,0,0,0,0,0,0
k__Bacteria|p__Firmicutes|c__Bacilli|o__Lactobacillales|f__Streptococcaceae|g__Streptococcus|s__Streptococcus_gordonii,2|1239|91061|186826|1300|1301|1302,0,0,0,0,0,0,0,1.62969,0,0,0,1.15691,0,0,0,0
k__Bacteria|p__Firmicutes|c__Bacilli|o__Lactobacillales|f__Streptococcaceae|g__Streptococcus|s__Streptococcus_milleri,2|1239|91061|186826|1300|1301|33040,0,0,0,0,0.03814,0,0,0,0,0,0.13085,0,0.25467,0,0,0
k__Bacteria|p__Firmicutes|c__Bacilli|o__Lactobacillales|f__Streptococcaceae|g__Streptococcus|s__Streptococcus_oralis,2|1239|91061|186826|1300|1301|1303,0,0,0,0,0,0,0.16207,0.74453,0,0,0,0.33384,0.02204,0,0.3232,0
k__Bacteria|p__Firmicutes|c__Bacilli|o__Lactobacillales|f__Streptococcaceae|g__Streptococcus|s__Streptococcus_sanguinis,2|1239|91061|186826|1300|1301|1305,0,0,0,0,0,0,11.00041,9.52292,1.49635,1.12332,0,1.609,3.05301,0,0.79044,13.7516
k__Bacteria|p__Firmicutes|c__Bacilli|o__Lactobacillales|f__Streptococcaceae|g__Streptococcus|s__Streptococcus_sinensis,2|1239|91061|186826|1300|1301|176090,0,0,0,0,0,0,0.09286,0.28872,0.44002,0,0,0.11379,0,0,0.13465,0.51649
k__Bacteria|p__Firmicutes|c__Clostridia|o__Clostridiales|f__Clostridiaceae|g__Clostridium|s__Clostridium_botulinum,2|1239|186801|186802|31979|1485|1491,0,0,0,0,0,0,0,0,0.08208,0,0,0,0,0,0,0
k__Bacteria|p__Firmicutes|c__Clostridia|o__Clostridiales|f__Clostridiales_Family_XIII_Incertae_Sedis|g__Clostridiales_Family_XIII_Incertae_Sedis_unclassified|s__Eubacterium_brachy,2|1239|186801|186802|543314||35517,0,0,0,0,0.35715,0,0,0,0.07816,0,0.1094,0.03236,0,0,0.00492,0
k__Bacteria|p__Firmicutes|c__Clostridia|o__Clostridiales|f__Clostridiales_Family_XIII_Incertae_Sedis|g__Clostridiales_Family_XIII_Incertae_Sedis_unclassified|s__Eubacterium_nodatum,2|1239|186801|186802|543314||35518,0,0,0,0,1.18922,0,0,0,1.96899,0.519,0.39551,0.86697,0.05646,0,0.06402,0
k__Bacteria|p__Firmicutes|c__Clostridia|o__Clostridiales|f__Clostridiales_Family_XIII_Incertae_Sedis|g__Mogibacterium,2|1239|186801|186802|543314|86331,0,0,0,0,0,0,0.25614,0,0.05816,0,0,0,0,0,0,0.11345
k__Bacteria|p__Firmicutes|c__Clostridia|o__Clostridiales|f__Clostridiales_Family_XIII_Incertae_Sedis|g__Mogibacterium|s__Mogibacterium_timidum,2|1239|186801|186802|543314|86331|35519,0,0,0,0,0,0,0.25614,0,0.05816,0,0,0,0,0,0,0.11345
k__Bacteria|p__Firmicutes|c__Clostridia|o__Clostridiales|f__Lachnospiraceae,2|1239|186801|186802|186803,0,0,0,0,0,0,0,0,0.28561,0,0,1.49127,0.0183,0,0,0
k__Bacteria|p__Firmicutes|c__Clostridia|o__Clostridiales|f__Lachnospiraceae|g__Johnsonella,2|1239|186801|186802|186803|43994,0,0,0,0,0,0,0,0,0.28561,0,0,1.49127,0.0183,0,0,0
k__Bacteria|p__Firmicutes|c__Clostridia|o__Clostridiales|f__Lachnospiraceae|g__Johnsonella|s__Johnsonella_ignava,2|1239|186801|186802|186803|43994|43995,0,0,0,0,0,0,0,0,0.28561,0,0,1.49127,0.0183,0,0,0
k__Bacteria|p__Firmicutes|c__Clostridia|o__Clostridiales|f__Peptostreptococcaceae,2|1239|186801|186802|186804,0,0,0,0,4.10164,0,0.58919,0.34809,2.02955,0,1.37429,6.23968,0.13544,0.36014,1.94935,0.56078
k__Bacteria|p__Firmicutes|c__Clostridia|o__Clostridiales|f__Peptostreptococcaceae|g__Filifactor,2|1239|186801|186802|186804|44259,0,0,0,0,0,0,0,0,0.04507,0,0,0,0,0,0,0
k__Bacteria|p__Firmicutes|c__Clostridia|o__Clostridiales|f__Peptostreptococcaceae|g__Filifactor|s__Filifactor_alocis,2|1239|186801|186802|186804|44259|143361,0,0,0,0,0,0,0,0,0.04507,0,0,0,0,0,0,0
k__Bacteria|p__Firmicutes|c__Clostridia|o__Clostridiales|f__Peptostreptococcaceae|g__Peptoanaerobacter,2|1239|186801|186802|186804|1913599,0,0,0,0,0,0,0,0,0.21869,0,0,0.5454,0.01388,0,0.08755,0
k__Bacteria|p__Firmicutes|c__Clostridia|o__Clostridiales|f__Peptostreptococcaceae|g__Peptoanaerobacter|s__Eubacterium_yurii,2|1239|186801|186802|186804|1913599|39498,0,0,0,0,0,0,0,0,0.21869,0,0,0.5454,0.01388,0,0.08755,0
k__Bacteria|p__Firmicutes|c__Clostridia|o__Clostridiales|f__Peptostreptococcaceae|g__Peptostreptococcaceae_unclassified,2|1239|186801|186802|186804|,0,0,0,0,4.10164,0,0.43114,0.34809,1.7658,0,1.37429,5.69428,0.12156,0.36014,1.8618,0.56078
k__Bacteria|p__Firmicutes|c__Clostridia|o__Clostridiales|f__Peptostreptococcaceae|g__Peptostreptococcaceae_unclassified|s__Peptostreptococcaceae_bacterium_oral_taxon_113,2|1239|186801|186802|186804||1321783,0,0,0,0,4.10164,0,0.43114,0.34809,1.7658,0,1.37429,5.69428,0.12156,0.36014,1.8618,0.56078
k__Bacteria|p__Firmicutes|c__Clostridia|o__Clostridiales|f__Peptostreptococcaceae|g__Peptostreptococcus,2|1239|186801|186802|186804|1257,0,0,0,0,0,0,0.15805,0,0,0,0,0,0,0,0,0
k__Bacteria|p__Firmicutes|c__Clostridia|o__Clostridiales|f__Peptostreptococcaceae|g__Peptostreptococcus|s__Peptostreptococcus_stomatis,2|1239|186801|186802|186804|1257|341694,0,0,0,0,0,0,0.15805,0,0,0,0,0,0,0,0,0
k__Bacteria|p__Firmicutes|c__Negativicutes,2|1239|909932,0,0,0,0,0,0,0,0.10291,0.03705,0,0,0,0,0,0.09662,0
k__Bacteria|p__Firmicutes|c__Negativicutes|o__Selenomonadales,2|1239|909932|909929,0,0,0,0,0,0,0,0.10291,0.03705,0,0,0,0,0,0.09662,0
k__Bacteria|p__Firmicutes|c__Negativicutes|o__Selenomonadales|f__Selenomonadaceae,2|1239|909932|909929|1843491,0,0,0,0,0,0,0,0.10291,0.03705,0,0,0,0,0,0.09662,0
k__Bacteria|p__Firmicutes|c__Negativicutes|o__Selenomonadales|f__Selenomonadaceae|g__Selenomonas,2|1239|909932|909929|1843491|970,0,0,0,0,0,0,0,0.10291,0.03705,0,0,0,0,0,0.09662,0
k__Bacteria|p__Firmicutes|c__Negativicutes|o__Selenomonadales|f__Selenomonadaceae|g__Selenomonas|s__Selenomonas_sp_oral_taxon_892,2|1239|909932|909929|1843491|970|1321785,0,0,0,0,0,0,0,0.10291,0.03705,0,0,0,0,0,0.09662,0
k__Bacteria|p__Firmicutes|c__Tissierellia,2|1239|1737404,0,0,0,0,0.10457,0,0,0,0.59802,0,0,1.50808,0,0.08534,0.13559,0
k__Bacteria|p__Firmicutes|c__Tissierellia|o__Tissierellales,2|1239|1737404|1737405,0,0,0,0,0.10457,0,0,0,0.59802,0,0,1.50808,0,0.08534,0.13559,0
k__Bacteria|p__Firmicutes|c__Tissierellia|o__Tissierellales|f__Peptoniphilaceae,2|1239|1737404|1737405|1570339,0,0,0,0,0.10457,0,0,0,0.59802,0,0,1.50808,0,0.08534,0.13559,0
k__Bacteria|p__Firmicutes|c__Tissierellia|o__Tissierellales|f__Peptoniphilaceae|g__Parvimonas,2|1239|1737404|1737405|1570339|543311,0,0,0,0,0.10457,0,0,0,0.59802,0,0,1.50808,0,0.08534,0.13559,0
k__Bacteria|p__Firmicutes|c__Tissierellia|o__Tissierellales|f__Peptoniphilaceae|g__Parvimonas|s__Parvimonas_micra,2|1239|1737404|1737405|1570339|543311|33033,0,0,0,0,0.10457,0,0,0,0.59802,0,0,1.50808,0,0.08534,0.13559,0
k__Bacteria|p__Fusobacteria,2|32066,0,0,0,0,0,0,0,0.08569,0.18025,0,0,0.09734,0,0,0.05983,0
k__Bacteria|p__Fusobacteria|c__Fusobacteriia,2|32066|203490,0,0,0,0,0,0,0,0.08569,0.18025,0,0,0.09734,0,0,0.05983,0
k__Bacteria|p__Fusobacteria|c__Fusobacteriia|o__Fusobacteriales,2|32066|203490|203491,0,0,0,0,0,0,0,0.08569,0.18025,0,0,0.09734,0,0,0.05983,0
k__Bacteria|p__Fusobacteria|c__Fusobacteriia|o__Fusobacteriales|f__Fusobacteriaceae,2|32066|203490|203491|203492,0,0,0,0,0,0,0,0.08569,0.11334,0,0,0.09734,0,0,0.02837,0
k__Bacteria|p__Fusobacteria|c__Fusobacteriia|o__Fusobacteriales|f__Fusobacteriaceae|g__Fusobacterium,2|32066|203490|203491|203492|848,0,0,0,0,0,0,0,0.08569,0.11334,0,0,0.09734,0,0,0.02837,0
k__Bacteria|p__Fusobacteria|c__Fusobacteriia|o__Fusobacteriales|f__Fusobacteriaceae|g__Fusobacterium|s__Fusobacterium_hwasookii,2|32066|203490|203491|203492|848|1583098,0,0,0,0,0,0,0,0.08569,0.11334,0,0,0,0,0,0.02837,0
k__Bacteria|p__Fusobacteria|c__Fusobacteriia|o__Fusobacteriales|f__Fusobacteriaceae|g__Fusobacterium|s__Fusobacterium_nucleatum,2|32066|203490|203491|203492|848|851,0,0,0,0,0,0,0,0,0,0,0,0.09734,0,0,0,0
k__Bacteria|p__Fusobacteria|c__Fusobacteriia|o__Fusobacteriales|f__Leptotrichiaceae,2|32066|203490|203491|1129771,0,0,0,0,0,0,0,0,0.06691,0,0,0,0,0,0.03145,0
k__Bacteria|p__Fusobacteria|c__Fusobacteriia|o__Fusobacteriales|f__Leptotrichiaceae|g__Leptotrichia,2|32066|203490|203491|1129771|32067,0,0,0,0,0,0,0,0,0.06691,0,0,0,0,0,0.03145,0
k__Bacteria|p__Fusobacteria|c__Fusobacteriia|o__Fusobacteriales|f__Leptotrichiaceae|g__Leptotrichia|s__Leptotrichia_sp_oral_taxon_212,2|32066|203490|203491|1129771|32067|712357,0,0,0,0,0,0,0,0,0.06691,0,0,0,0,0,0.03145,0
k__Bacteria|p__Proteobacteria|c__Alphaproteobacteria,2|1224|28211,0.62612,0,0,0,0,0,0,0,0,0,0,0,0,0,0,0
k__Bacteria|p__Proteobacteria|c__Alphaproteobacteria|o__Rhizobiales,2|1224|28211|356,0.62612,0,0,0,0,0,0,0,0,0,0,0,0,0,0,0
k__Bacteria|p__Proteobacteria|c__Alphaproteobacteria|o__Rhizobiales|f__Rhizobiales_unclassified,2|1224|28211|356|,0.62612,0,0,0,0,0,0,0,0,0,0,0,0,0,0,0
k__Bacteria|p__Proteobacteria|c__Alphaproteobacteria|o__Rhizobiales|f__Rhizobiales_unclassified|g__Methyloceanibacter,2|1224|28211|356||1484898,0.62612,0,0,0,0,0,0,0,0,0,0,0,0,0,0,0
k__Bacteria|p__Proteobacteria|c__Alphaproteobacteria|o__Rhizobiales|f__Rhizobiales_unclassified|g__Methyloceanibacter|s__Methyloceanibacter_superfactus,2|1224|28211|356||1484898|1774969,0.62612,0,0,0,0,0,0,0,0,0,0,0,0,0,0,0
k__Bacteria|p__Proteobacteria|c__Betaproteobacteria|o__Burkholderiales,2|1224|28216|80840,0,0,0,0,0.69302,0,4.4285,5.7305,2.73789,0,0,12.99019,10.26388,0,1.36536,2.15602
k__Bacteria|p__Proteobacteria|c__Betaproteobacteria|o__Burkholderiales|f__Burkholderiaceae,2|1224|28216|80840|119060,0,0,0,0,0,0,4.08709,5.7305,1.89678,0,0,4.92492,7.78481,0,0.90796,2.15602
k__Bacteria|p__Proteobacteria|c__Betaproteobacteria|o__Burkholderiales|f__Burkholderiaceae|g__Lautropia,2|1224|28216|80840|119060|47670,0,0,0,0,0,0,4.08709,5.7305,1.89678,0,0,4.92492,7.78481,0,0.90796,2.15602
k__Bacteria|p__Proteobacteria|c__Betaproteobacteria|o__Burkholderiales|f__Burkholderiaceae|g__Lautropia|s__Lautropia_mirabilis,2|1224|28216|80840|119060|47670|47671,0,0,0,0,0,0,4.08709,5.7305,1.89678,0,0,4.92492,7.78481,0,0.90796,2.15602
k__Bacteria|p__Proteobacteria|c__Betaproteobacteria|o__Burkholderiales|f__Comamonadaceae,2|1224|28216|80840|80864,0,0,0,0,0.69302,0,0.34141,0,0.8411,0,0,8.06527,2.47906,0,0.45739,0
k__Bacteria|p__Proteobacteria|c__Betaproteobacteria|o__Burkholderiales|f__Comamonadaceae|g__Ottowia,2|1224|28216|80840|80864|219181,0,0,0,0,0.69302,0,0.34141,0,0.8411,0,0,8.06527,2.47906,0,0.45739,0
k__Bacteria|p__Proteobacteria|c__Betaproteobacteria|o__Burkholderiales|f__Comamonadaceae|g__Ottowia|s__Ottowia_sp_oral_taxon_894,2|1224|28216|80840|80864|219181|1658672,0,0,0,0,0.69302,0,0.34141,0,0.8411,0,0,8.06527,2.47906,0,0.45739,0
k__Bacteria|p__Proteobacteria|c__Betaproteobacteria|o__Neisseriales,2|1224|28216|206351,0,0,0,0,0,0,2.93787,11.15532,1.0115,0,0,1.77628,6.57173,0,0.78533,2.34489
k__Bacteria|p__Proteobacteria|c__Betaproteobacteria|o__Neisseriales|f__Neisseriaceae,2|1224|28216|206351|481,0,0,0,0,0,0,2.93787,11.15532,1.0115,0,0,1.77628,6.57173,0,0.78533,2.34489
k__Bacteria|p__Proteobacteria|c__Betaproteobacteria|o__Neisseriales|f__Neisseriaceae|g__Eikenella,2|1224|28216|206351|481|538,0,0,0,0,0,0,0.05533,0,0,0,0,1.17315,0,0,0.24065,0
k__Bacteria|p__Proteobacteria|c__Betaproteobacteria|o__Neisseriales|f__Neisseriaceae|g__Eikenella|s__Eikenella_corrodens,2|1224|28216|206351|481|538|539,0,0,0,0,0,0,0.05533,0,0,0,0,1.17315,0,0,0.24065,0
k__Bacteria|p__Proteobacteria|c__Betaproteobacteria|o__Neisseriales|f__Neisseriaceae|g__Kingella,2|1224|28216|206351|481|32257,0,0,0,0,0,0,0,0,0.06493,0,0,0,0,0,0,0
k__Bacteria|p__Proteobacteria|c__Betaproteobacteria|o__Neisseriales|f__Neisseriaceae|g__Kingella|s__Kingella_denitrificans,2|1224|28216|206351|481|32257|502,0,0,0,0,0,0,0,0,0.06493,0,0,0,0,0,0,0
k__Bacteria|p__Proteobacteria|c__Betaproteobacteria|o__Neisseriales|f__Neisseriaceae|g__Morococcus,2|1224|28216|206351|481|212742,0,0,0,0,0,0,0,0,0,0,0,0,0.24278,0,0,0
k__Bacteria|p__Proteobacteria|c__Betaproteobacteria|o__Neisseriales|f__Neisseriaceae|g__Morococcus|s__Morococcus_cerebrosus,2|1224|28216|206351|481|212742|1056807,0,0,0,0,0,0,0,0,0,0,0,0,0.24278,0,0,0
k__Bacteria|p__Proteobacteria|c__Betaproteobacteria|o__Neisseriales|f__Neisseriaceae|g__Neisseria,2|1224|28216|206351|481|482,0,0,0,0,0,0,2.88254,11.15532,0.94656,0,0,0.60313,6.32895,0,0.54467,2.34489
k__Bacteria|p__Proteobacteria|c__Betaproteobacteria|o__Neisseriales|f__Neisseriaceae|g__Neisseria|s__Neisseria_elongata,2|1224|28216|206351|481|482|495,0,0,0,0,0,0,0.74057,4.48669,0.20756,0,0,0,2.38656,0,0.37293,0.05879
k__Bacteria|p__Proteobacteria|c__Betaproteobacteria|o__Neisseriales|f__Neisseriaceae|g__Neisseria|s__Neisseria_flavescens,2|1224|28216|206351|481|482|484,0,0,0,0,0,0,0,0,0,0,0,0,0,0,0.08084,0
k__Bacteria|p__Proteobacteria|c__Betaproteobacteria|o__Neisseriales|f__Neisseriaceae|g__Neisseria|s__Neisseria_macacae,2|1224|28216|206351|481|482|496,0,0,0,0,0,0,0.16986,0,0,0,0,0,0.47099,0,0,0
k__Bacteria|p__Proteobacteria|c__Betaproteobacteria|o__Neisseriales|f__Neisseriaceae|g__Neisseria|s__Neisseria_mucosa,2|1224|28216|206351|481|482|488,0,0,0,0,0,0,1.76601,3.09258,0,0,0,0,0.60023,0,0,2.04408
k__Bacteria|p__Proteobacteria|c__Betaproteobacteria|o__Neisseriales|f__Neisseriaceae|g__Neisseria|s__Neisseria_sicca,2|1224|28216|206351|481|482|490,0,0,0,0,0,0,0.20611,3.57605,0.17892,0,0,0.60313,2.87116,0,0.0909,0.24202
k__Bacteria|p__Proteobacteria|c__Betaproteobacteria|o__Neisseriales|f__Neisseriaceae|g__Neisseria|s__Neisseria_sp_oral_taxon_014,2|1224|28216|206351|481|482|641148,0,0,0,0,0,0,0,0,0.56008,0,0,0,0,0,0,0
k__Bacteria|p__Proteobacteria|c__Deltaproteobacteria|o__Deltaproteobacteria_unclassified,2|1224|28221|,7.24035,0,0,0,0,0,0,0,0,0,0,0,0,0,0,0
k__Bacteria|p__Proteobacteria|c__Deltaproteobacteria|o__Deltaproteobacteria_unclassified|f__Deltaproteobacteria_unclassified,2|1224|28221||,7.24035,0,0,0,0,0,0,0,0,0,0,0,0,0,0,0
k__Bacteria|p__Proteobacteria|c__Deltaproteobacteria|o__Deltaproteobacteria_unclassified|f__Deltaproteobacteria_unclassified|g__Deltaproteobacteria_unclassified,2|1224|28221|||,7.24035,0,0,0,0,0,0,0,0,0,0,0,0,0,0,0
k__Bacteria|p__Proteobacteria|c__Deltaproteobacteria|o__Deltaproteobacteria_unclassified|f__Deltaproteobacteria_unclassified|g__Deltaproteobacteria_unclassified|s__Deltaproteobacteria_bacterium_CG2_30_66_27,2|1224|28221||||1805127,4.98641,0,0,0,0,0,0,0,0,0,0,0,0,0,0,0
k__Bacteria|p__Proteobacteria|c__Deltaproteobacteria|o__Deltaproteobacteria_unclassified|f__Deltaproteobacteria_unclassified|g__Deltaproteobacteria_unclassified|s__Deltaproteobacteria_bacterium_HGW_Deltaproteobacteria_19,2|1224|28221||||2013746,2.25394,0,0,0,0,0,0,0,0,0,0,0,0,0,0,0
k__Bacteria|p__Proteobacteria|c__Deltaproteobacteria|o__Desulfuromonadales,2|1224|28221|69541,4.83326,0,0,0,0,0,0,0,0,0,0,0,0,0,0,0
k__Bacteria|p__Proteobacteria|c__Deltaproteobacteria|o__Desulfuromonadales|f__Desulfuromonadaceae,2|1224|28221|69541|213421,4.83326,0,0,0,0,0,0,0,0,0,0,0,0,0,0,0
k__Bacteria|p__Proteobacteria|c__Deltaproteobacteria|o__Desulfuromonadales|f__Desulfuromonadaceae|g__Desulfuromonas,2|1224|28221|69541|213421|890,4.83326,0,0,0,0,0,0,0,0,0,0,0,0,0,0,0
k__Bacteria|p__Proteobacteria|c__Deltaproteobacteria|o__Desulfuromonadales|f__Desulfuromonadaceae|g__Desulfuromonas|s__Desulfuromonas_soudanensis,2|1224|28221|69541|213421|890|1603606,4.83326,0,0,0,0,0,0,0,0,0,0,0,0,0,0,0
k__Bacteria|p__Proteobacteria|c__Epsilonproteobacteria,2|1224|29547,0,0,0,0,0,0,0,0.04436,0.01586,0,0.12623,0,0.02353,0,0.05659,0
k__Bacteria|p__Proteobacteria|c__Epsilonproteobacteria|o__Campylobacterales,2|1224|29547|213849,0,0,0,0,0,0,0,0.04436,0.01586,0,0.12623,0,0.02353,0,0.05659,0
k__Bacteria|p__Proteobacteria|c__Epsilonproteobacteria|o__Campylobacterales|f__Campylobacteraceae,2|1224|29547|213849|72294,0,0,0,0,0,0,0,0.04436,0.01586,0,0.12623,0,0.02353,0,0.05659,0
k__Bacteria|p__Proteobacteria|c__Epsilonproteobacteria|o__Campylobacterales|f__Campylobacteraceae|g__Campylobacter,2|1224|29547|213849|72294|194,0,0,0,0,0,0,0,0.04436,0.01586,0,0.12623,0,0.02353,0,0.05659,0
k__Bacteria|p__Proteobacteria|c__Epsilonproteobacteria|o__Campylobacterales|f__Campylobacteraceae|g__Campylobacter|s__Campylobacter_rectus,2|1224|29547|213849|72294|194|203,0,0,0,0,0,0,0,0,0.00737,0,0.12623,0,0,0,0,0
k__Bacteria|p__Proteobacteria|c__Epsilonproteobacteria|o__Campylobacterales|f__Campylobacteraceae|g__Campylobacter|s__Campylobacter_showae,2|1224|29547|213849|72294|194|204,0,0,0,0,0,0,0,0.04436,0.00849,0,0,0,0.02353,0,0.05659,0
k__Bacteria|p__Proteobacteria|c__Gammaproteobacteria|o__Cardiobacteriales,2|1224|1236|135615,0,0,0,0,0,0,0.20734,0,0.14107,0,0,0.90206,0.03654,0,0.42395,0
k__Bacteria|p__Proteobacteria|c__Gammaproteobacteria|o__Cardiobacteriales|f__Cardiobacteriaceae,2|1224|1236|135615|868,0,0,0,0,0,0,0.20734,0,0.14107,0,0,0.90206,0.03654,0,0.42395,0
k__Bacteria|p__Proteobacteria|c__Gammaproteobacteria|o__Cardiobacteriales|f__Cardiobacteriaceae|g__Cardiobacterium,2|1224|1236|135615|868|2717,0,0,0,0,0,0,0.20734,0,0.14107,0,0,0.90206,0.03654,0,0.42395,0
k__Bacteria|p__Proteobacteria|c__Gammaproteobacteria|o__Cardiobacteriales|f__Cardiobacteriaceae|g__Cardiobacterium|s__Cardiobacterium_hominis,2|1224|1236|135615|868|2717|2718,0,0,0,0,0,0,0,0,0.04514,0,0,0.18736,0,0,0.04268,0
k__Bacteria|p__Proteobacteria|c__Gammaproteobacteria|o__Cardiobacteriales|f__Cardiobacteriaceae|g__Cardiobacterium|s__Cardiobacterium_valvarum,2|1224|1236|135615|868|2717|194702,0,0,0,0,0,0,0.20734,0,0.09594,0,0,0.7147,0.03654,0,0.38127,0
k__Bacteria|p__Proteobacteria|c__Gammaproteobacteria|o__Pasteurellales,2|1224|1236|135625,0,0,0,0,0,0,0.12646,0.09173,0.04171,0,0,0.15796,0.03827,0,0.12958,0
k__Bacteria|p__Proteobacteria|c__Gammaproteobacteria|o__Pasteurellales|f__Pasteurellaceae,2|1224|1236|135625|712,0,0,0,0,0,0,0.12646,0.09173,0.04171,0,0,0.15796,0.03827,0,0.12958,0
k__Bacteria|p__Proteobacteria|c__Gammaproteobacteria|o__Pasteurellales|f__Pasteurellaceae|g__Aggregatibacter,2|1224|1236|135625|712|416916,0,0,0,0,0,0,0.12646,0.09173,0.04171,0,0,0.15796,0.03827,0,0.12958,0
k__Bacteria|p__Proteobacteria|c__Gammaproteobacteria|o__Pasteurellales|f__Pasteurellaceae|g__Aggregatibacter|s__Aggregatibacter_aphrophilus,2|1224|1236|135625|712|416916|732,0,0,0,0,0,0,0,0,0.01546,0,0,0.15796,0.03827,0,0,0
k__Bacteria|p__Proteobacteria|c__Gammaproteobacteria|o__Pasteurellales|f__Pasteurellaceae|g__Aggregatibacter|s__Aggregatibacter_segnis,2|1224|1236|135625|712|416916|739,0,0,0,0,0,0,0.12646,0.09173,0.02625,0,0,0,0,0,0.12958,0
k__Bacteria|p__Proteobacteria|c__Gammaproteobacteria|o__Pseudomonadales,2|1224|1236|72274,15.3672,0,0,0,0,0,0,0,0,0,0,0,0,0,0,0
k__Bacteria|p__Proteobacteria|c__Gammaproteobacteria|o__Pseudomonadales|f__Pseudomonadaceae,2|1224|1236|72274|135621,15.3672,0,0,0,0,0,0,0,0,0,0,0,0,0,0,0
k__Bacteria|p__Proteobacteria|c__Gammaproteobacteria|o__Pseudomonadales|f__Pseudomonadaceae|g__Pseudomonas,2|1224|1236|72274|135621|286,15.3672,0,0,0,0,0,0,0,0,0,0,0,0,0,0,0
k__Bacteria|p__Proteobacteria|c__Gammaproteobacteria|o__Pseudomonadales|f__Pseudomonadaceae|g__Pseudomonas|s__Pseudomonas_benzenivorans,2|1224|1236|72274|135621|286|556533,15.3672,0,0,0,0,0,0,0,0,0,0,0,0,0,0,0
k__Bacteria|p__Spirochaetes,2|203691,0,0,0,0,0.81954,0,0.55857,0,1.28429,0,0.6129,0.3821,0.17675,0.30254,0.53942,0
k__Bacteria|p__Spirochaetes|c__Spirochaetia,2|203691|203692,0,0,0,0,0.81954,0,0.55857,0,1.28429,0,0.6129,0.3821,0.17675,0.30254,0.53942,0
k__Bacteria|p__Spirochaetes|c__Spirochaetia|o__Spirochaetales,2|203691|203692|136,0,0,0,0,0.81954,0,0.55857,0,1.28429,0,0.6129,0.3821,0.17675,0.30254,0.53942,0
k__Bacteria|p__Spirochaetes|c__Spirochaetia|o__Spirochaetales|f__Spirochaetaceae,2|203691|203692|136|137,0,0,0,0,0.81954,0,0.55857,0,1.28429,0,0.6129,0.3821,0.17675,0.30254,0.53942,0
k__Bacteria|p__Spirochaetes|c__Spirochaetia|o__Spirochaetales|f__Spirochaetaceae|g__Treponema,2|203691|203692|136|137|157,0,0,0,0,0.81954,0,0.55857,0,1.28429,0,0.6129,0.3821,0.17675,0.30254,0.53942,0
k__Bacteria|p__Spirochaetes|c__Spirochaetia|o__Spirochaetales|f__Spirochaetaceae|g__Treponema|s__Treponema_denticola,2|203691|203692|136|137|157|158,0,0,0,0,0.31422,0,0.38728,0,0.36445,0,0.13655,0.188,0.08166,0,0.08946,0
k__Bacteria|p__Spirochaetes|c__Spirochaetia|o__Spirochaetales|f__Spirochaetaceae|g__Treponema|s__Treponema_lecithinolyticum,2|203691|203692|136|137|157|53418,0,0,0,0,0,0,0,0,0.04004,0,0,0,0,0,0,0
k__Bacteria|p__Spirochaetes|c__Spirochaetia|o__Spirochaetales|f__Spirochaetaceae|g__Treponema|s__Treponema_maltophilum,2|203691|203692|136|137|157|51160,0,0,0,0,0,0,0,0,0.16684,0,0,0,0,0,0.05632,0
k__Bacteria|p__Spirochaetes|c__Spirochaetia|o__Spirochaetales|f__Spirochaetaceae|g__Treponema|s__Treponema_socranskii,2|203691|203692|136|137|157|53419,0,0,0,0,0.50532,0,0.17129,0,0.71297,0,0.47635,0.1941,0.09508,0.30254,0.39364,0
k__Bacteria|p__Synergistetes|c__Synergistia|o__Synergistales|f__Synergistaceae|g__Pyramidobacter,2|508458|649775|649776|649777|638847,0,0,0,0,0,0,0,0,0,0,0,0,0.31918,0,0,0
k__Bacteria|p__Synergistetes|c__Synergistia|o__Synergistales|f__Synergistaceae|g__Pyramidobacter|s__Pyramidobacter_piscolens,2|508458|649775|649776|649777|638847|638849,0,0,0,0,0,0,0,0,0,0,0,0,0.31918,0,0,0